-- phpMyAdmin SQL Dump
-- version 4.7.9
-- https://www.phpmyadmin.net/
--
-- Host: localhost
-- Generation Time: Feb 12, 2020 at 04:41 PM
-- Server version: 10.1.31-MariaDB
-- PHP Version: 7.2.3

SET SQL_MODE = "NO_AUTO_VALUE_ON_ZERO";
SET AUTOCOMMIT = 0;
START TRANSACTION;
SET time_zone = "+00:00";


/*!40101 SET @OLD_CHARACTER_SET_CLIENT=@@CHARACTER_SET_CLIENT */;
/*!40101 SET @OLD_CHARACTER_SET_RESULTS=@@CHARACTER_SET_RESULTS */;
/*!40101 SET @OLD_COLLATION_CONNECTION=@@COLLATION_CONNECTION */;
/*!40101 SET NAMES utf8mb4 */;

--
-- Database: `location`
--

-- --------------------------------------------------------

--
-- Table structure for table `departments`
--

CREATE TABLE `departments` (
  `id` int(10) UNSIGNED NOT NULL,
  `cod_dane` int(11) NOT NULL,
  `name` varchar(191) COLLATE utf8mb4_unicode_ci NOT NULL,
  `created_at` timestamp NULL DEFAULT NULL,
  `updated_at` timestamp NULL DEFAULT NULL
) ENGINE=InnoDB DEFAULT CHARSET=utf8mb4 COLLATE=utf8mb4_unicode_ci;

--
-- Dumping data for table `departments`
--

INSERT INTO `departments` (`id`, `cod_dane`, `name`, `created_at`, `updated_at`) VALUES
(1, 76, 'VALLE DEL CAUCA', '2019-10-09 21:43:30', '2019-10-09 21:43:30'),
(2, 19, 'CAUCA', '2019-10-09 21:48:51', '2019-10-09 21:48:51');

-- --------------------------------------------------------

--
-- Table structure for table `failed_jobs`
--

CREATE TABLE `failed_jobs` (
  `id` bigint(20) UNSIGNED NOT NULL,
  `connection` text COLLATE utf8mb4_unicode_ci NOT NULL,
  `queue` text COLLATE utf8mb4_unicode_ci NOT NULL,
  `payload` longtext COLLATE utf8mb4_unicode_ci NOT NULL,
  `exception` longtext COLLATE utf8mb4_unicode_ci NOT NULL,
  `failed_at` timestamp NOT NULL DEFAULT CURRENT_TIMESTAMP
) ENGINE=InnoDB DEFAULT CHARSET=utf8mb4 COLLATE=utf8mb4_unicode_ci;

-- --------------------------------------------------------

--
-- Table structure for table `headquarters`
--

CREATE TABLE `headquarters` (
  `id` bigint(20) UNSIGNED NOT NULL,
  `name` varchar(191) COLLATE utf8mb4_unicode_ci NOT NULL,
  `town_id` int(10) UNSIGNED NOT NULL,
  `institution_id` bigint(20) UNSIGNED NOT NULL,
  `created_at` timestamp NULL DEFAULT NULL,
  `updated_at` timestamp NULL DEFAULT NULL
) ENGINE=InnoDB DEFAULT CHARSET=utf8mb4 COLLATE=utf8mb4_unicode_ci;

--
-- Dumping data for table `headquarters`
--

INSERT INTO `headquarters` (`id`, `name`, `town_id`, `institution_id`, `created_at`, `updated_at`) VALUES
(1, 'ARTURO GOMEZ JARAMILLO', 1, 1, '2019-10-09 21:45:23', '2019-10-09 21:45:23'),
(2, 'SAN JOSÉ', 24, 36, '2019-10-09 21:45:24', '2019-10-09 21:47:50'),
(3, 'AGRICOLA CAMPOALEGRE', 2, 3, '2019-10-09 21:45:24', '2019-10-09 21:45:24'),
(4, 'ELEAZAR LIBREROS SALAMANCA', 2, 4, '2019-10-09 21:45:24', '2019-10-09 21:45:24'),
(5, 'EL PLACER', 40, 184, '2019-10-09 21:45:24', '2019-10-09 21:49:36'),
(6, 'JORGE ISAACS', 12, 46, '2019-10-09 21:45:24', '2019-10-09 21:47:06'),
(7, 'SANTA INES', 3, 7, '2019-10-09 21:45:24', '2019-10-09 21:45:24'),
(8, 'SANTA ANA DE LOS CABALLEROS', 3, 8, '2019-10-09 21:45:25', '2019-10-09 21:45:25'),
(9, 'SANTIAGO GUTIERREZ ANGEL', 4, 9, '2019-10-09 21:45:25', '2019-10-09 21:45:25'),
(10, 'GILBERTO ALZATE AVENDAÑO', 11, 24, '2019-10-09 21:45:25', '2019-10-09 21:46:54'),
(11, 'RODRIGO LLOREDA', 5, 11, '2019-10-09 21:45:25', '2019-10-09 21:45:25'),
(12, 'CONCENTRACION AGRICOLA', 5, 12, '2019-10-09 21:45:25', '2019-10-09 21:45:25'),
(13, 'MANUEL DOLORES MONDRAGON', 5, 16, '2019-10-09 21:45:26', '2019-10-09 21:46:53'),
(14, 'MARIANO GONZALEZ', 6, 17, '2019-10-09 21:45:26', '2019-10-09 21:45:26'),
(15, 'INSTITUTO AGRICOLA CEILAN', 6, 18, '2019-10-09 21:45:26', '2019-10-09 21:45:26'),
(16, 'ANTONIO NARIÑO', 23, 91, '2019-10-09 21:45:27', '2019-10-09 21:47:48'),
(17, 'DIEGO RENGIFO SALAZAR', 6, 20, '2019-10-09 21:45:27', '2019-10-09 21:45:27'),
(18, 'ANTONIA SANTOS', 47, 234, '2019-10-09 21:45:27', '2019-10-09 21:49:47'),
(19, 'LA CONSOLITA', 7, 22, '2019-10-09 21:45:27', '2019-10-09 21:45:27'),
(20, 'SAGRADO CORAZON DE JESUS', 23, 90, '2019-10-09 21:45:27', '2019-10-09 21:47:47'),
(21, 'CENT DOC NO 22  GILBERTO ALZATE AVENDAÑO', 7, 24, '2019-10-09 21:45:27', '2019-10-09 21:45:27'),
(22, 'BOLIVARIANO', 7, 25, '2019-10-09 21:45:27', '2019-10-09 21:45:27'),
(23, 'ESC NORMAL SUPERIOR MARIA INMACULADA', 7, 26, '2019-10-09 21:45:27', '2019-10-09 21:45:27'),
(24, 'MARINO RENJIFO SALCEDO', 8, 27, '2019-10-09 21:45:27', '2019-10-09 21:45:27'),
(25, 'RODRIGO LLOREDA CAICEDO', 8, 11, '2019-10-09 21:45:28', '2019-10-09 21:45:28'),
(26, 'PANEBIANCO AMERICANO - SEDE PRINCIPAL', 8, 28, '2019-10-09 21:45:28', '2019-10-09 21:45:28'),
(27, 'SANTIAGO RENGIFO SALCEDO', 8, 29, '2019-10-09 21:45:28', '2019-10-09 21:45:28'),
(28, 'GERMAN NIETO', 8, 30, '2019-10-09 21:45:28', '2019-10-09 21:45:28'),
(29, 'GIMNASIO DEL DAGUA, TOCOTA', 9, 31, '2019-10-09 21:45:28', '2019-10-09 21:45:28'),
(30, 'PEDRO FERMIN DE VARGAS', 9, 32, '2019-10-09 21:45:28', '2019-10-09 21:45:28'),
(31, 'GIMNASIO DEL DAGUA BORRERO AYERBE', 9, 33, '2019-10-09 21:45:28', '2019-10-09 21:45:28'),
(32, 'GIMNASIO DEL DAGUA QUEREMAL', 9, 34, '2019-10-09 21:45:28', '2019-10-09 21:45:28'),
(33, 'MIGUEL ANTONIO CARO', 16, 65, '2019-10-09 21:45:28', '2019-10-09 21:47:07'),
(34, 'CAMILO TORRES', 44, 210, '2019-10-09 21:45:29', '2019-10-09 21:49:40'),
(35, 'I.E. SAN PEDRO CLAVER - SEDE PRINCIPAL', 9, 37, '2019-10-09 21:45:29', '2019-10-09 21:45:29'),
(36, 'JOSE MARIA CABAL', 6, 19, '2019-10-09 21:45:29', '2019-10-09 21:47:20'),
(37, 'GUILLERMO VALENCIA', 9, 39, '2019-10-09 21:45:29', '2019-10-09 21:45:29'),
(38, 'SANTA TERESITA DEL NIÑO JESUS', 9, 40, '2019-10-09 21:45:29', '2019-10-09 21:45:29'),
(39, 'GIMNASIO DEL DAGUA', 9, 38, '2019-10-09 21:45:29', '2019-10-09 21:47:05'),
(40, 'CONCENTRACION DE DESARROLLO RURAL SANTA MARTA', 10, 42, '2019-10-09 21:45:29', '2019-10-09 21:45:29'),
(41, 'POLICARPA SALAVARRIETA', 24, 95, '2019-10-09 21:45:30', '2019-10-09 21:47:49'),
(42, 'JOSÉ MARÍA CÓRDOBA', 24, 97, '2019-10-09 21:45:30', '2019-10-09 21:47:50'),
(43, 'LA PRESENTACIÓN', 11, 45, '2019-10-09 21:45:30', '2019-10-09 21:45:30'),
(44, 'JORGE ISAACS SEDE PRINCIPAL', 12, 46, '2019-10-09 21:45:30', '2019-10-09 21:45:30'),
(45, 'JORGE ISAACS EL PLACER', 12, 47, '2019-10-09 21:45:30', '2019-10-09 21:45:30'),
(46, 'SAGRADO CORAZON', 12, 50, '2019-10-09 21:45:31', '2019-10-09 21:45:31'),
(47, 'SAN ALBERTO', 13, 51, '2019-10-09 21:45:31', '2019-10-09 21:45:31'),
(48, 'JOHN F. KENNEDY', 34, 131, '2019-10-09 21:45:31', '2019-10-09 21:47:13'),
(49, 'SIMON BOLIVAR', 50, 250, '2019-10-09 21:45:31', '2019-10-09 21:49:50'),
(50, 'GIMNASIO DEL CALIMA', 13, 54, '2019-10-09 21:45:31', '2019-10-09 21:45:31'),
(51, 'JUAN SALVADOR GAVIOTA', 14, 55, '2019-10-09 21:45:31', '2019-10-09 21:45:31'),
(52, 'JOSE MARIA FALLA', 14, 56, '2019-10-09 21:45:32', '2019-10-09 21:45:32'),
(53, 'KWE`SX NASA KSXA WNXI', 15, 57, '2019-10-09 21:45:32', '2019-10-09 21:45:32'),
(54, 'REGIONAL SIMON BOLIVAR', 15, 58, '2019-10-09 21:45:32', '2019-10-09 21:45:32'),
(55, 'ATANASIO GIRARDOT', 23, 92, '2019-10-09 21:45:32', '2019-10-09 21:47:48'),
(56, 'ABSALON TORRES CAMACHO', 15, 61, '2019-10-09 21:45:32', '2019-10-09 21:45:32'),
(57, 'LICEO COMERCIAL FEMENINO', 15, 62, '2019-10-09 21:45:32', '2019-10-09 21:45:32'),
(58, 'INSTITUTO LAS AMERICAS', 15, 63, '2019-10-09 21:45:32', '2019-10-09 21:45:32'),
(59, 'CONCENTRACION DE DESARROLLO RURAL LA SELVA', 16, 64, '2019-10-09 21:45:33', '2019-10-09 21:45:33'),
(60, 'MANUELA BELTRAN', 24, 97, '2019-10-09 21:45:33', '2019-10-09 21:47:50'),
(61, 'INMACULADA CONCEPCIÓN', 16, 65, '2019-10-09 21:45:33', '2019-10-09 21:47:07'),
(62, 'GINEBRA LA SALLE', 16, 67, '2019-10-09 21:45:33', '2019-10-09 21:45:33'),
(63, 'JOSE IGNACIO OSPINA', 17, 68, '2019-10-09 21:45:33', '2019-10-09 21:45:33'),
(64, 'JOSE CELESTINO MUTIS', 9, 38, '2019-10-09 21:45:33', '2019-10-09 21:47:23'),
(65, 'PEDRO VICENTE ABADIA', 17, 69, '2019-10-09 21:45:33', '2019-10-09 21:47:08'),
(66, 'MIGUEL DE CERVANTES SAAVEDRA', 17, 71, '2019-10-09 21:45:34', '2019-10-09 21:45:34'),
(67, 'MARIA AUXILIADORA', 24, 36, '2019-10-09 21:45:34', '2019-10-09 21:47:50'),
(68, 'LA LIBERTAD', 18, 74, '2019-10-09 21:45:34', '2019-10-09 21:45:34'),
(69, 'SAN PIO X', 18, 75, '2019-10-09 21:45:34', '2019-10-09 21:45:34'),
(70, 'INSTITUTO PROMOCION SOCIAL', 18, 53, '2019-10-09 21:45:35', '2019-10-09 21:45:35'),
(71, 'CONCENTRACIÓN ESCOLAR DE DESARROLLO RURAL QUEBRADA GRANDE', 19, 76, '2019-10-09 21:45:35', '2019-10-09 21:45:35'),
(72, 'ARGEMIRO ESCOBAR CARDONA', 19, 77, '2019-10-09 21:45:35', '2019-10-09 21:45:35'),
(73, 'MAGDALENA ORTEGA', 6, 19, '2019-10-09 21:45:35', '2019-10-09 21:47:03'),
(74, 'JUAN DE DIOS GIRON', 19, 79, '2019-10-09 21:45:36', '2019-10-09 21:45:36'),
(75, 'CONCENTRACIÓN DE DESARROLLO RURAL SAN JOSE', 20, 2, '2019-10-09 21:45:36', '2019-10-09 21:45:36'),
(76, 'NUESTRA SEÑORA DE LA PAZ', 20, 80, '2019-10-09 21:45:36', '2019-10-09 21:45:36'),
(77, 'SANTA TERESITA', 19, 79, '2019-10-09 21:45:36', '2019-10-09 21:47:44'),
(78, 'MANUEL ANTONIO BONILLA', 20, 82, '2019-10-09 21:45:36', '2019-10-09 21:45:36'),
(79, 'MARIA ANALIA ORTIZ HORMAZA', 21, 83, '2019-10-09 21:45:37', '2019-10-09 21:45:37'),
(80, 'MARCO FIDEL SUAREZ', 45, 216, '2019-10-09 21:45:37', '2019-10-09 21:49:41'),
(81, 'I.E. MERCEDES ABREGO - SEDE PRINCIPAL', 22, 86, '2019-10-09 21:45:37', '2019-10-09 21:45:37'),
(82, 'ALFREDO POSADA CORREA', 22, 87, '2019-10-09 21:45:38', '2019-10-09 21:45:38'),
(83, 'ANTONIO RICAURTE', 23, 90, '2019-10-09 21:45:38', '2019-10-09 21:47:47'),
(84, 'ATENEO COMERCIAL FEMENINO', 22, 89, '2019-10-09 21:45:38', '2019-10-09 21:45:38'),
(85, 'I.E. TEODORO MUNERA HINCAPIE - SEDE PORINCIPAL', 23, 90, '2019-10-09 21:45:38', '2019-10-09 21:45:38'),
(86, 'MEDINA', 23, 91, '2019-10-09 21:45:38', '2019-10-09 21:45:38'),
(87, 'JOSE ACEVEDO Y GOMEZ', 24, 36, '2019-10-09 21:45:38', '2019-10-09 21:47:51'),
(88, 'JORGE ELIECER GAITAN', 22, 86, '2019-10-09 21:45:38', '2019-10-09 21:47:47'),
(89, 'CONCENTRACION ESCOLAR URBANA', 23, 94, '2019-10-09 21:45:38', '2019-10-09 21:45:38'),
(90, 'ALFREDO GARRIDO TOVAR', 24, 95, '2019-10-09 21:45:39', '2019-10-09 21:45:39'),
(91, 'NEMESIO RODRIGUEZ', 24, 96, '2019-10-09 21:45:39', '2019-10-09 21:45:39'),
(92, 'HERNANDO LLORENTE ARROYO', 24, 97, '2019-10-09 21:45:39', '2019-10-09 21:45:39'),
(93, 'I.E. CAMILO TORRES', 24, 36, '2019-10-09 21:45:39', '2019-10-09 21:45:39'),
(94, 'PRIMITIVO CRESPO', 2, 3, '2019-10-09 21:45:39', '2019-10-09 21:47:14'),
(95, 'BELISARIO PEÑA PIÑEIRO', 25, 103, '2019-10-09 21:45:40', '2019-10-09 21:46:59'),
(96, 'LA PAZ', 49, 242, '2019-10-09 21:45:40', '2019-10-09 21:49:47'),
(97, 'NORMAL SUPERIOR JORGE ISAACS', 25, 101, '2019-10-09 21:45:40', '2019-10-09 21:45:40'),
(98, 'LIC FEM NUESTRA SEÑORA DE CHIQUINQUIRA', 25, 102, '2019-10-09 21:45:40', '2019-10-09 21:45:40'),
(99, 'MIGUEL A CARO', 26, 35, '2019-10-09 21:45:40', '2019-10-09 21:45:40'),
(100, 'JULIO CAICEDO TELLEZ', 26, 104, '2019-10-09 21:45:40', '2019-10-09 21:45:40'),
(101, 'JOSE ANTONIO AGUILERA', 26, 105, '2019-10-09 21:45:40', '2019-10-09 21:45:40'),
(102, 'CONCENTRACIÓN RURAL AGRIC HERACLIO URIBE URIBE', 27, 106, '2019-10-09 21:45:41', '2019-10-09 21:45:41'),
(103, 'BENJAMIN HERRERA', 8, 27, '2019-10-09 21:45:41', '2019-10-09 21:47:21'),
(104, 'ESC SANTA BARBARA', 27, 108, '2019-10-09 21:45:41', '2019-10-09 21:45:41'),
(105, 'DOCE DE OCTUBRE', 27, 109, '2019-10-09 21:45:41', '2019-10-09 21:45:41'),
(106, 'GENERAL SANTANDER', 17, 110, '2019-10-09 21:45:41', '2019-10-09 21:47:40'),
(107, 'SEVILLA', 27, 111, '2019-10-09 21:45:42', '2019-10-09 21:45:42'),
(108, 'NUESTRA SEÑORA DE LA CONSOLACION', 23, 93, '2019-10-09 21:45:42', '2019-10-09 21:47:09'),
(109, 'INSTITUTO AGRICOLA', 28, 113, '2019-10-09 21:45:42', '2019-10-09 21:45:42'),
(110, 'FRAY JOSE JOAQUIN ESCOBAR', 28, 114, '2019-10-09 21:45:42', '2019-10-09 21:45:42'),
(111, 'MANUEL MARÍA MALLARINO', 11, 45, '2019-10-09 21:45:42', '2019-10-09 21:47:27'),
(112, 'SAN ISIDRO', 24, 98, '2019-10-09 21:45:42', '2019-10-09 21:47:51'),
(113, 'CRISTOBAL COLON', 23, 92, '2019-10-09 21:45:42', '2019-10-09 21:47:48'),
(114, 'ANTONIO JOSE DE SUCRE', 19, 76, '2019-10-09 21:45:42', '2019-10-09 21:47:43'),
(115, 'JULIAN TRUJILLO', 29, 118, '2019-10-09 21:45:43', '2019-10-09 21:45:43'),
(116, 'MARIA INMACULADA', 24, 96, '2019-10-09 21:45:43', '2019-10-09 21:47:50'),
(117, 'LEOCADIO SALAZAR', 30, 120, '2019-10-09 21:45:43', '2019-10-09 21:45:43'),
(118, 'CARLOS HOLGUIN SARDI', 31, 121, '2019-10-09 21:45:43', '2019-10-09 21:45:43'),
(119, 'LA INMACULADA', 28, 112, '2019-10-09 21:45:43', '2019-10-09 21:47:11'),
(120, 'VEINTE DE JULIO', 14, 56, '2019-10-09 21:45:43', '2019-10-09 21:47:32'),
(121, 'JORGE ROBLEDO', 18, 73, '2019-10-09 21:45:44', '2019-10-09 21:47:41'),
(122, 'SAN JUAN BOSCO', 21, 2, '2019-10-09 21:45:44', '2019-10-09 21:47:46'),
(123, 'GABRIELA MISTRAL', 24, 36, '2019-10-09 21:45:44', '2019-10-09 21:47:50'),
(124, 'ALFONSO ZAWADZKY', 33, 128, '2019-10-09 21:45:44', '2019-10-09 21:45:44'),
(125, 'LUIS GABRIEL UMAÑA MORALES', 34, 129, '2019-10-09 21:45:44', '2019-10-09 21:45:44'),
(126, 'EFRAIN VARELA VACA', 34, 130, '2019-10-09 21:45:44', '2019-10-09 21:45:44'),
(127, 'NUESTRA SEÑORA DE LAS MERCEDES', 11, 45, '2019-10-09 21:45:44', '2019-10-09 21:47:27'),
(128, 'SANTO TOMAS DE AQUINO', 24, 97, '2019-10-09 21:45:45', '2019-10-09 21:47:50'),
(129, 'MARCO TULIO LORA', 2, 4, '2019-10-09 21:45:45', '2019-10-09 21:45:45'),
(130, 'JUAN DE DIOS RODRIGUEZ', 2, 4, '2019-10-09 21:45:45', '2019-10-09 21:45:45'),
(131, 'LAUREANO GOMEZ', 18, 74, '2019-10-09 21:45:45', '2019-10-09 21:47:42'),
(132, 'PIO XII', 14, 56, '2019-10-09 21:45:45', '2019-10-09 21:47:32'),
(133, 'MANUEL MEJIA VÉLEZ', 4, 10, '2019-10-09 21:45:45', '2019-10-09 21:45:45'),
(134, 'ISABEL LA CATOLICA', 5, 14, '2019-10-09 21:45:45', '2019-10-09 21:45:45'),
(135, 'ALONSO ARAGON QUINTERO', 5, 16, '2019-10-09 21:45:46', '2019-10-09 21:45:46'),
(136, 'ANTONIO NARIÑO LA URIBE', 6, 20, '2019-10-09 21:45:46', '2019-10-09 21:45:46'),
(137, 'MARIANO OSPINA PEREZ', 4, 9, '2019-10-09 21:45:46', '2019-10-09 21:47:16'),
(138, 'JULIAN URIBE URIBE', 6, 20, '2019-10-09 21:45:46', '2019-10-09 21:45:46'),
(139, 'BOLIVARIANO LA CAMELIA', 7, 23, '2019-10-09 21:45:47', '2019-10-09 21:45:47'),
(140, 'CENT DOC NO 03 LAS AMERICAS', 7, 25, '2019-10-09 21:45:47', '2019-10-09 21:45:47'),
(141, 'CONC  URB  JOSE EUSEBIO CARO', 7, 25, '2019-10-09 21:45:47', '2019-10-09 21:45:47'),
(142, 'CENT DOC NO  01 ANEXA MARIA INMACULADA', 7, 26, '2019-10-09 21:45:47', '2019-10-09 21:45:47'),
(143, 'CENT DOC N 01 PARROQUIAL', 7, 26, '2019-10-09 21:45:47', '2019-10-09 21:45:47'),
(144, 'JUAN DE LA CRUZ HERRERA', 8, 11, '2019-10-09 21:45:47', '2019-10-09 21:45:47'),
(145, 'JOSE ANTONIO GALAN', 18, 74, '2019-10-09 21:45:48', '2019-10-09 21:47:41'),
(146, 'EL  PARAISO', 8, 29, '2019-10-09 21:45:48', '2019-10-09 21:45:48'),
(147, 'MARTIN LUTHER KING 20 DE JULIO', 8, 29, '2019-10-09 21:45:48', '2019-10-09 21:45:48'),
(148, 'JOSE EUSEBIO CARO', 19, 77, '2019-10-09 21:45:48', '2019-10-09 21:47:43'),
(149, 'FRANCISCO JOSE DE CALDAS', 23, 92, '2019-10-09 21:45:48', '2019-10-09 21:47:49'),
(150, 'SAGRADA FAMILIA', 10, 44, '2019-10-09 21:45:48', '2019-10-09 21:47:25'),
(151, 'ALFONSO LOPEZ PUMAREJO', 22, 86, '2019-10-09 21:45:48', '2019-10-09 21:47:47'),
(152, 'SANTO DOMINGO SAVIO', 24, 36, '2019-10-09 21:45:48', '2019-10-09 21:47:50'),
(153, 'BELLAVISTA', 9, 33, '2019-10-09 21:45:49', '2019-10-09 21:45:49'),
(154, 'RAFAEL NUÑEZ', 18, 73, '2019-10-09 21:45:49', '2019-10-09 21:47:41'),
(155, 'NUESTRA SRA DE FATIMA', 9, 33, '2019-10-09 21:45:49', '2019-10-09 21:45:49'),
(156, 'FRANCISCO DE PAULA SANTANDER', 11, 45, '2019-10-09 21:45:49', '2019-10-09 21:47:28'),
(157, 'LA GRAN COLOMBIA', 24, 96, '2019-10-09 21:45:49', '2019-10-09 21:47:50'),
(158, 'SANTA LUCIA', 9, 41, '2019-10-09 21:45:49', '2019-10-09 21:45:49'),
(159, 'DIONISIO CORTES', 10, 42, '2019-10-09 21:45:49', '2019-10-09 21:45:49'),
(160, 'GILBERTO ALZATE AVENDAÑO - ALBAN', 11, 24, '2019-10-09 21:45:50', '2019-10-09 21:45:50'),
(161, 'GILBERTO ALZATE AVENDAÑO CENTRO', 11, 24, '2019-10-09 21:45:50', '2019-10-09 21:45:50'),
(162, 'BOLIVARIANA', 11, 45, '2019-10-09 21:45:50', '2019-10-09 21:45:50'),
(163, 'CENTRO DOCENTE NO 9 GREGORIA BENAVIDES', 12, 46, '2019-10-09 21:45:50', '2019-10-09 21:45:50'),
(164, 'CINCUENTENARIO', 12, 49, '2019-10-09 21:45:51', '2019-10-09 21:45:51'),
(165, 'JOSE IGNACIO RENGIFO', 1, 1, '2019-10-09 21:45:51', '2019-10-09 21:47:13'),
(166, 'PEDRO VICENTE MONTAÑO', 12, 49, '2019-10-09 21:45:51', '2019-10-09 21:45:51'),
(167, 'CARLOS A. SARDI GARCES', 12, 49, '2019-10-09 21:45:51', '2019-10-09 21:45:51'),
(168, 'GUILLERMO LEON VALENCIA', 23, 92, '2019-10-09 21:45:51', '2019-10-09 21:47:48'),
(169, 'MARIA MONTESSORI', 3, 8, '2019-10-09 21:45:51', '2019-10-09 21:47:16'),
(170, 'PEDRO ANTONIO MOLINA', 2, 4, '2019-10-09 21:45:51', '2019-10-09 21:47:14'),
(171, 'PABLO VI', 11, 24, '2019-10-09 21:45:51', '2019-10-09 21:47:26'),
(172, 'SANTISIMO SACRAMENTO', 14, 56, '2019-10-09 21:45:52', '2019-10-09 21:45:52'),
(173, 'JOSE JOAQUIN JARAMILLO', 18, 74, '2019-10-09 21:45:52', '2019-10-09 21:47:41'),
(174, 'DAI EMBERA KURISIA', 15, 57, '2019-10-09 21:45:52', '2019-10-09 21:45:52'),
(175, 'PARROQUIAL', 15, 58, '2019-10-09 21:45:52', '2019-10-09 21:45:52'),
(176, 'SATELITE LAS AMERICAS', 15, 60, '2019-10-09 21:45:52', '2019-10-09 21:45:52'),
(177, 'JULIO ARBOLEDA', 6, 17, '2019-10-09 21:45:53', '2019-10-09 21:47:19'),
(178, 'EMETERIO PIEDRAHITA', 15, 61, '2019-10-09 21:45:53', '2019-10-09 21:45:53'),
(179, 'JULIO CASTAÑO', 15, 62, '2019-10-09 21:45:53', '2019-10-09 21:45:53'),
(180, 'MERCEDITAS FORERO DE GONZALEZ', 15, 63, '2019-10-09 21:45:53', '2019-10-09 21:45:53'),
(181, 'NORMAN ZULUAGA JARAMILLO', 15, 63, '2019-10-09 21:45:53', '2019-10-09 21:45:53'),
(182, 'GENERAL ANZOATEGUI', 16, 66, '2019-10-09 21:45:54', '2019-10-09 21:45:54'),
(183, 'ALFONSO LINCE', 16, 67, '2019-10-09 21:45:54', '2019-10-09 21:45:54'),
(184, 'CARLOS TASCÒN', 16, 67, '2019-10-09 21:45:54', '2019-10-09 21:45:54'),
(185, 'SATELITE PEDRO VICENTE ABADIA', 17, 110, '2019-10-09 21:45:54', '2019-10-09 21:45:54'),
(186, 'SAULO RICARDO MOLINA', 17, 70, '2019-10-09 21:45:54', '2019-10-09 21:45:54'),
(187, 'AUGUSTO DOMINGUEZ', 17, 70, '2019-10-09 21:45:54', '2019-10-09 21:45:54'),
(188, 'JOSE MANUEL SAAVEDRA GALINDO', 17, 71, '2019-10-09 21:45:54', '2019-10-09 21:45:54'),
(189, 'CONCENTRACION DE DESARROLLO RURAL', 18, 74, '2019-10-09 21:45:55', '2019-10-09 21:45:55'),
(190, 'EDELMIRA RAMIREZ', 19, 77, '2019-10-09 21:45:55', '2019-10-09 21:45:55'),
(191, 'NUESTRA SEÑORA DEL PERPETUO SOCORRO', 7, 22, '2019-10-09 21:45:55', '2019-10-09 21:47:20'),
(192, 'SANTA CLARA', 19, 2, '2019-10-09 21:45:55', '2019-10-09 21:45:55'),
(193, 'MANUEL J. GIL', 20, 81, '2019-10-09 21:45:55', '2019-10-09 21:45:55'),
(194, 'GRAN COLOMBIA', 23, 94, '2019-10-09 21:45:56', '2019-10-09 21:47:09'),
(195, 'RICARDO NIETO', 19, 76, '2019-10-09 21:45:56', '2019-10-09 21:47:43'),
(196, 'FRANCISCO ANTONIO ZEA', 22, 87, '2019-10-09 21:45:56', '2019-10-09 21:47:47'),
(197, 'COMUNEROS', 22, 87, '2019-10-09 21:45:56', '2019-10-09 21:45:56'),
(198, 'BELLO HORIZONTE', 22, 87, '2019-10-09 21:45:56', '2019-10-09 21:45:56'),
(199, 'LEONIDAS MOSQUERA', 22, 87, '2019-10-09 21:45:56', '2019-10-09 21:45:56'),
(200, 'FRANCISCO ANTONIO ZEA CENTRO', 22, 88, '2019-10-09 21:45:56', '2019-10-09 21:45:56'),
(201, 'BERLIN', 22, 88, '2019-10-09 21:45:56', '2019-10-09 21:45:56'),
(202, 'SANTISIMA TRINIDAD', 22, 88, '2019-10-09 21:45:56', '2019-10-09 21:45:56'),
(203, 'SANTA ISABEL', 10, 43, '2019-10-09 21:45:56', '2019-10-09 21:47:24'),
(204, 'BENJAMIN VALENCIA', 22, 89, '2019-10-09 21:45:56', '2019-10-09 21:45:56'),
(205, 'ELOY SILVA', 22, 89, '2019-10-09 21:45:56', '2019-10-09 21:45:56'),
(206, 'LAS AMERICAS', 3, 5, '2019-10-09 21:45:57', '2019-10-09 21:47:15'),
(207, 'PEDRO MARIA MARMOLEJO', 24, 98, '2019-10-09 21:45:57', '2019-10-09 21:45:57'),
(208, 'BELISARIO PEÑA PIÑEIRO SATELITE', 25, 99, '2019-10-09 21:45:57', '2019-10-09 21:45:57'),
(209, 'CARLOS VILLAFAÑE', 25, 101, '2019-10-09 21:45:57', '2019-10-09 21:45:57'),
(210, 'TOMAS IGNACIO ESQUIVEL', 25, 102, '2019-10-09 21:45:58', '2019-10-09 21:45:58'),
(211, 'JHON F. KENNEDY', 25, 102, '2019-10-09 21:45:58', '2019-10-09 21:45:58'),
(212, 'LIC NUESTRA SEÑORA DE CHIQUINQUIRA', 25, 102, '2019-10-09 21:45:58', '2019-10-09 21:45:58'),
(213, 'PBRO GONZALO PATIÑO', 25, 102, '2019-10-09 21:45:58', '2019-10-09 21:45:58'),
(214, 'BELISARIO PEÑA PIÑEIRO- CAJAMARCA', 25, 103, '2019-10-09 21:45:58', '2019-10-09 21:45:58'),
(215, 'EUSTAQUIO PALACIOS', 14, 55, '2019-10-09 21:45:58', '2019-10-09 21:47:31'),
(216, 'SAN SEBASTIAN', 25, 103, '2019-10-09 21:45:58', '2019-10-09 21:45:58'),
(217, 'LEONARDO TASCÓN', 26, 105, '2019-10-09 21:45:58', '2019-10-09 21:45:58'),
(218, 'RAFAEL URIBE URIBE', 12, 46, '2019-10-09 21:45:59', '2019-10-09 21:47:28'),
(219, 'ARMANDO ROMERO LOZANO', 27, 110, '2019-10-09 21:45:59', '2019-10-09 21:45:59'),
(220, 'HUGO TORO ECHEVERRY', 27, 110, '2019-10-09 21:45:59', '2019-10-09 21:45:59'),
(221, 'JOHN FITZGERALD KENNEDY', 27, 111, '2019-10-09 21:45:59', '2019-10-09 21:45:59'),
(222, 'SANTA MARIANA DE JESUS', 27, 111, '2019-10-09 21:45:59', '2019-10-09 21:45:59'),
(223, 'LA PROVIDENCIA', 28, 112, '2019-10-09 21:45:59', '2019-10-09 21:45:59'),
(224, 'NUESTRA SEÑORA DE FATIMA', 16, 67, '2019-10-09 21:45:59', '2019-10-09 21:47:40'),
(225, 'ELOY HERNANDEZ', 28, 114, '2019-10-09 21:46:00', '2019-10-09 21:46:00'),
(226, 'ELÍAS E. QUIJANO', 29, 115, '2019-10-09 21:46:00', '2019-10-09 21:46:00'),
(227, 'JULIAN TRUJILLO - ANDINAPOLIS', 29, 117, '2019-10-09 21:46:00', '2019-10-09 21:46:00'),
(228, 'FRANCISCO JULIAN OLAYA', 29, 118, '2019-10-09 21:46:00', '2019-10-09 21:46:00'),
(229, 'SANTA CECILIA', 18, 72, '2019-10-09 21:46:00', '2019-10-09 21:47:41'),
(230, 'ROSA ZARATE DE PEÑA', 24, 36, '2019-10-09 21:46:00', '2019-10-09 21:47:51'),
(231, 'MANUEL JOSE REINA COLLAZOS', 32, 125, '2019-10-09 21:46:00', '2019-10-09 21:46:00'),
(232, 'ALVARO ORTIZ CORREA', 32, 125, '2019-10-09 21:46:00', '2019-10-09 21:46:00'),
(233, 'JOHN F  KENNEDY', 33, 128, '2019-10-09 21:46:01', '2019-10-09 21:46:01'),
(234, 'PABLO EMILIO CAMACHO', 34, 130, '2019-10-09 21:46:01', '2019-10-09 21:46:01'),
(235, 'DIVINO NIÑO JESÚS', 34, 130, '2019-10-09 21:46:01', '2019-10-09 21:46:01'),
(236, 'REPÚBLICA DE COLOMBIA', 34, 19, '2019-10-09 21:46:02', '2019-10-09 21:46:02'),
(237, 'LA POLONIA', 1, 1, '2019-10-09 21:46:02', '2019-10-09 21:46:02'),
(238, 'MANUEL MEJIA', 9, 35, '2019-10-09 21:46:02', '2019-10-09 21:47:22'),
(239, 'NUEVA GRANADA', 1, 1, '2019-10-09 21:46:02', '2019-10-09 21:46:02'),
(240, 'SAN AGUSTIN', 10, 44, '2019-10-09 21:46:02', '2019-10-09 21:47:25'),
(241, 'ISABEL ARAGON', 2, 3, '2019-10-09 21:46:03', '2019-10-09 21:46:03'),
(242, 'SANTA MATILDE', 2, 3, '2019-10-09 21:46:03', '2019-10-09 21:46:03'),
(243, 'JOSE ANTONIO ANZOATEGUI', 2, 3, '2019-10-09 21:46:03', '2019-10-09 21:46:03'),
(244, 'SAN FRANCISCO', 2, 3, '2019-10-09 21:46:03', '2019-10-09 21:46:03'),
(245, 'JUAN JOSE RONDON', 6, 17, '2019-10-09 21:46:03', '2019-10-09 21:47:19'),
(246, 'VICENTE H. CRUZ', 2, 3, '2019-10-09 21:46:03', '2019-10-09 21:46:03'),
(247, 'CUSTODIO GARCIA ROVIRA', 2, 3, '2019-10-09 21:46:03', '2019-10-09 21:46:03'),
(248, 'SANTA RITA', 2, 3, '2019-10-09 21:46:04', '2019-10-09 21:46:04'),
(249, 'SAN VICENTE FERRER', 24, 97, '2019-10-09 21:46:04', '2019-10-09 21:47:50'),
(250, 'JUAN XXIII', 23, 91, '2019-10-09 21:46:04', '2019-10-09 21:47:48'),
(251, 'RAFAEL POMBO', 9, 34, '2019-10-09 21:46:04', '2019-10-09 21:47:22'),
(252, 'NIÑO JESUS DE PRAGA', 16, 65, '2019-10-09 21:46:05', '2019-10-09 21:47:39'),
(253, 'DIVINO SALVADOR', 3, 5, '2019-10-09 21:46:05', '2019-10-09 21:46:05'),
(254, 'TERESA BORJA DE CASTRO', 3, 6, '2019-10-09 21:46:06', '2019-10-09 21:46:06'),
(255, 'ONCE DE NOVIEMBRE', 5, 13, '2019-10-09 21:46:06', '2019-10-09 21:47:18'),
(256, 'LA INDEPENDENCIA', 23, 94, '2019-10-09 21:46:06', '2019-10-09 21:47:49'),
(257, 'MERCEDES ABREGO', 24, 97, '2019-10-09 21:46:06', '2019-10-09 21:47:50'),
(258, 'CARTAGENA DE INDIAS', 15, 60, '2019-10-09 21:46:06', '2019-10-09 21:47:37'),
(259, 'LIGIA AGUDELO', 3, 7, '2019-10-09 21:46:06', '2019-10-09 21:46:06'),
(260, 'EL CONSUELO', 3, 7, '2019-10-09 21:46:06', '2019-10-09 21:46:06'),
(261, 'PABLO SEXTO', 21, 84, '2019-10-09 21:46:07', '2019-10-09 21:47:45'),
(262, 'CRISTO REY', 18, 74, '2019-10-09 21:46:07', '2019-10-09 21:47:42'),
(263, 'SANTA MARIA', 3, 8, '2019-10-09 21:46:07', '2019-10-09 21:46:07'),
(264, 'MARINO OROZCO', 3, 8, '2019-10-09 21:46:08', '2019-10-09 21:46:08'),
(265, 'PABLO GERARDO PEREZ', 4, 9, '2019-10-09 21:46:08', '2019-10-09 21:46:08'),
(266, 'SANTA ELENA', 4, 9, '2019-10-09 21:46:08', '2019-10-09 21:46:08'),
(267, 'EL CARMEN', 45, 214, '2019-10-09 21:46:08', '2019-10-09 21:49:41'),
(268, 'PANAMERICANA', 4, 9, '2019-10-09 21:46:08', '2019-10-09 21:46:08'),
(269, 'LIGIA RAMIREZ HOYOS', 4, 9, '2019-10-09 21:46:09', '2019-10-09 21:46:09'),
(270, 'DOLORES SALAZAR DE LOPEZ', 4, 9, '2019-10-09 21:46:09', '2019-10-09 21:46:09'),
(271, 'JUAN HURTADO', 4, 9, '2019-10-09 21:46:09', '2019-10-09 21:46:09'),
(272, 'SEBASTIAN DE BELALCAZAR', 4, 9, '2019-10-09 21:46:09', '2019-10-09 21:46:09'),
(273, 'BUENOS AIRES', 4, 9, '2019-10-09 21:46:09', '2019-10-09 21:46:09'),
(274, 'FABIO MARTÍNEZ CIFUENTES', 4, 10, '2019-10-09 21:46:10', '2019-10-09 21:46:10'),
(275, 'DIEGO FALLON', 5, 11, '2019-10-09 21:46:10', '2019-10-09 21:46:10'),
(276, 'SAN JUAN BAUTISTA', 14, 56, '2019-10-09 21:46:10', '2019-10-09 21:47:32'),
(277, 'LUIS LORZA', 5, 12, '2019-10-09 21:46:11', '2019-10-09 21:46:11'),
(278, 'LA CARMELITA', 24, 95, '2019-10-09 21:46:11', '2019-10-09 21:47:49'),
(279, 'SANTA MONICA', 45, 214, '2019-10-09 21:46:11', '2019-10-09 21:49:41'),
(280, 'DIVINO ECCE HOMO', 5, 13, '2019-10-09 21:46:11', '2019-10-09 21:46:11'),
(281, 'NUESTRA SEÑORA DEL CARMEN', 24, 95, '2019-10-09 21:46:11', '2019-10-09 21:47:49'),
(282, 'JUAN PABLO II', 5, 14, '2019-10-09 21:46:12', '2019-10-09 21:46:12'),
(283, 'AVENDAÑO GARCIA', 5, 14, '2019-10-09 21:46:12', '2019-10-09 21:46:12'),
(284, 'JOSE MARIA CARBONEL', 5, 14, '2019-10-09 21:46:12', '2019-10-09 21:46:12'),
(285, 'SANJUAN BOSCO', 5, 14, '2019-10-09 21:46:12', '2019-10-09 21:46:12'),
(286, 'SANTA CATALINA DE LABOURE', 5, 14, '2019-10-09 21:46:12', '2019-10-09 21:46:12'),
(287, 'BENJAMIN AGRADO', 5, 14, '2019-10-09 21:46:12', '2019-10-09 21:46:12'),
(288, 'BLASS DE LESSO', 5, 15, '2019-10-09 21:46:12', '2019-10-09 21:46:12'),
(289, 'SAN JUDAS TADEO', 16, 66, '2019-10-09 21:46:12', '2019-10-09 21:47:39'),
(290, 'LA MARIA', 5, 15, '2019-10-09 21:46:13', '2019-10-09 21:46:13'),
(291, 'SATELITE RICAURTE', 5, 16, '2019-10-09 21:46:13', '2019-10-09 21:46:13'),
(292, 'MARIA AGUSTINA MADRID', 5, 16, '2019-10-09 21:46:13', '2019-10-09 21:46:13'),
(293, 'JARDIN MI PEQUEÑO MUNDO', 5, 16, '2019-10-09 21:46:13', '2019-10-09 21:46:13'),
(294, 'JULIO CAICEDO Y TELLEZ', 5, 16, '2019-10-09 21:46:13', '2019-10-09 21:46:13'),
(295, 'RICARDO RESTREPO', 6, 17, '2019-10-09 21:46:13', '2019-10-09 21:46:13'),
(296, 'DIVINO NIÑO', 23, 91, '2019-10-09 21:46:14', '2019-10-09 21:47:48'),
(297, 'VIRGEN LA MILAGROSA', 6, 18, '2019-10-09 21:46:14', '2019-10-09 21:46:14'),
(298, 'JOSE HILARIO LOPEZ', 9, 39, '2019-10-09 21:46:14', '2019-10-09 21:47:23'),
(299, 'ALTO BONITO', 6, 18, '2019-10-09 21:46:14', '2019-10-09 21:46:14'),
(300, 'VIRGEN DEL CARMEN', 6, 18, '2019-10-09 21:46:14', '2019-10-09 21:46:14'),
(301, 'JOSE JOAQUIN CASAS', 6, 18, '2019-10-09 21:46:14', '2019-10-09 21:46:14'),
(302, 'JOSE ASUNCION SILVA', 6, 18, '2019-10-09 21:46:15', '2019-10-09 21:46:15'),
(303, 'ANTONIO NARIÑO CHORRERAS', 6, 20, '2019-10-09 21:46:15', '2019-10-09 21:46:15'),
(304, 'ENRIQUE OLAYA HERRERA', 16, 64, '2019-10-09 21:46:15', '2019-10-09 21:47:38'),
(305, 'JUAN DEL CORRAL', 24, 96, '2019-10-09 21:46:15', '2019-10-09 21:47:50'),
(306, 'JHON F. KENEDY', 6, 20, '2019-10-09 21:46:15', '2019-10-09 21:46:15'),
(307, 'ERNESTO PIZARRO', 6, 20, '2019-10-09 21:46:16', '2019-10-09 21:46:16'),
(308, 'SAN MARTIN', 10, 42, '2019-10-09 21:46:16', '2019-10-09 21:47:24'),
(309, 'SANTA RITA NO 12', 7, 21, '2019-10-09 21:46:16', '2019-10-09 21:46:16'),
(310, 'SANTA RITA NO19', 7, 21, '2019-10-09 21:46:16', '2019-10-09 21:46:16'),
(311, 'GUILLERMO BORRERO OLANO', 7, 21, '2019-10-09 21:46:16', '2019-10-09 21:46:16'),
(312, 'LA DELFINA', 7, 21, '2019-10-09 21:46:16', '2019-10-09 21:46:16'),
(313, 'CELIO BAENA', 7, 22, '2019-10-09 21:46:16', '2019-10-09 21:46:16'),
(314, 'LA POLA', 7, 22, '2019-10-09 21:46:16', '2019-10-09 21:46:16'),
(315, 'BOLIVIA', 7, 22, '2019-10-09 21:46:16', '2019-10-09 21:46:16'),
(316, 'SAN LUIS', 7, 22, '2019-10-09 21:46:17', '2019-10-09 21:46:17'),
(317, 'LA TRIBUNA', 7, 22, '2019-10-09 21:46:17', '2019-10-09 21:46:17'),
(318, 'SEDE SAN ISIDRO', 7, 23, '2019-10-09 21:46:17', '2019-10-09 21:46:17'),
(319, 'NUESTRA SEÑORA DE  FATIMA', 7, 23, '2019-10-09 21:46:17', '2019-10-09 21:46:17'),
(320, 'LISANDRO CAICEDO', 7, 23, '2019-10-09 21:46:17', '2019-10-09 21:46:17'),
(321, 'CENT DOC  NO 34 EL PARAISO', 7, 24, '2019-10-09 21:46:17', '2019-10-09 21:46:17'),
(322, 'ESC RUR  MIX  NO 47  JUAN PABLO I', 7, 24, '2019-10-09 21:46:17', '2019-10-09 21:46:17'),
(323, 'CENT DOC NO 43  HERACLIO  URIBE URIBE', 7, 24, '2019-10-09 21:46:17', '2019-10-09 21:46:17'),
(324, 'CENT DOC   NO 32 LA PAVA', 7, 24, '2019-10-09 21:46:17', '2019-10-09 21:46:17'),
(325, 'CENT DOC  NO 10 SAN LUIS', 7, 24, '2019-10-09 21:46:17', '2019-10-09 21:46:17'),
(326, 'CENT DOC  NO 24 SANTA TERESITA', 7, 24, '2019-10-09 21:46:17', '2019-10-09 21:46:17'),
(327, 'CENT DOC   NO  29 POLICARPA SALAVARRIETA', 7, 24, '2019-10-09 21:46:17', '2019-10-09 21:46:17'),
(328, 'CAMILO RESTREPO LOPEZ', 7, 25, '2019-10-09 21:46:17', '2019-10-09 21:46:17'),
(329, 'CENT DOC NO 05 SANTA INES', 7, 25, '2019-10-09 21:46:18', '2019-10-09 21:46:18'),
(330, 'CENT DOC NO  36 LAS CARMELITAS', 7, 26, '2019-10-09 21:46:18', '2019-10-09 21:46:18'),
(331, 'JARD  INF MARCO FIDEL SUAREZ', 7, 26, '2019-10-09 21:46:18', '2019-10-09 21:46:18'),
(332, 'CENT DOC NO 04 SANTA ISABEL', 7, 26, '2019-10-09 21:46:18', '2019-10-09 21:46:18'),
(333, 'CENT  DOC  NO  08 TRES DE AGOSTO', 7, 26, '2019-10-09 21:46:18', '2019-10-09 21:46:18'),
(334, 'NUESTRA SRA DE LOURDES', 8, 27, '2019-10-09 21:46:18', '2019-10-09 21:46:18'),
(335, 'LUIS CARLOS PEÑA', 8, 27, '2019-10-09 21:46:18', '2019-10-09 21:46:18'),
(336, 'ANTONIO VILLAVICENCIO', 9, 31, '2019-10-09 21:46:19', '2019-10-09 21:47:22'),
(337, 'SANTA RITA DE CASSIA', 8, 28, '2019-10-09 21:46:19', '2019-10-09 21:46:19'),
(338, 'SAN MIGUEL', 46, 424, '2019-10-09 21:46:19', '2019-10-09 21:49:44'),
(339, 'JESUS MARIA MURGUEITIO', 9, 31, '2019-10-09 21:46:19', '2019-10-09 21:46:19'),
(340, 'JOSE MARIA ANZOATEGUI', 9, 31, '2019-10-09 21:46:19', '2019-10-09 21:46:19'),
(341, 'SAN ANTONIO', 44, 213, '2019-10-09 21:46:19', '2019-10-09 21:49:40'),
(342, 'POLICARPA SALAVAARRIETA', 9, 32, '2019-10-09 21:46:19', '2019-10-09 21:46:19'),
(343, 'MANUEL MURILLO TORO', 9, 33, '2019-10-09 21:46:20', '2019-10-09 21:46:20'),
(344, 'CARLOS LOZANO LOZANO', 9, 33, '2019-10-09 21:46:20', '2019-10-09 21:46:20'),
(345, 'ALMIRANTE PADILLA', 9, 34, '2019-10-09 21:46:20', '2019-10-09 21:46:20'),
(346, 'ROBERTO URDANETA ARBELAEZ', 9, 34, '2019-10-09 21:46:20', '2019-10-09 21:46:20'),
(347, 'PAULO VI', 9, 35, '2019-10-09 21:46:20', '2019-10-09 21:46:20'),
(348, 'LOS ANGELES', 42, 405, '2019-10-09 21:46:20', '2019-10-09 21:49:38'),
(349, 'LUIS ALBERTO OLIVO', 9, 36, '2019-10-09 21:46:21', '2019-10-09 21:46:21'),
(350, 'ESTHER ZORRILLA', 9, 36, '2019-10-09 21:46:21', '2019-10-09 21:46:21'),
(351, 'LOS COMUNEROS', 9, 36, '2019-10-09 21:46:21', '2019-10-09 21:46:21'),
(352, 'MARIA MONTESORI', 9, 36, '2019-10-09 21:46:21', '2019-10-09 21:46:21'),
(353, 'MARIA EDITH JATIVA', 9, 37, '2019-10-09 21:46:21', '2019-10-09 21:46:21'),
(354, 'LA PUERTA', 9, 37, '2019-10-09 21:46:21', '2019-10-09 21:46:21'),
(355, 'CARLOS HOLMES TRUJILLO', 15, 57, '2019-10-09 21:46:21', '2019-10-09 21:47:34'),
(356, 'LA CRISTALINA', 9, 37, '2019-10-09 21:46:21', '2019-10-09 21:46:21'),
(357, 'GENERAL CARLOS ALBAN', 9, 37, '2019-10-09 21:46:21', '2019-10-09 21:46:21'),
(358, 'CARLOS ALFREDO ZUÑIGA', 9, 38, '2019-10-09 21:46:21', '2019-10-09 21:46:21'),
(359, 'VILLA DEL MAR', 9, 38, '2019-10-09 21:46:21', '2019-10-09 21:46:21'),
(360, 'MARIO FERNANDEZ DE SOTO', 9, 38, '2019-10-09 21:46:22', '2019-10-09 21:46:22'),
(361, 'TOMAS CIPRIANO DE MOSQUERA', 9, 38, '2019-10-09 21:46:22', '2019-10-09 21:46:22'),
(362, 'ALFREDO VASQUEZ COBO', 9, 38, '2019-10-09 21:46:22', '2019-10-09 21:46:22'),
(363, 'LAS DELICIAS', 9, 38, '2019-10-09 21:46:22', '2019-10-09 21:46:22'),
(364, 'JESUS DE LA BUENA ESPERANZA', 9, 38, '2019-10-09 21:46:22', '2019-10-09 21:46:22'),
(365, 'SAN VICENTE', 9, 39, '2019-10-09 21:46:22', '2019-10-09 21:46:22'),
(366, 'ALTO DE LAS TORTOLAS', 9, 40, '2019-10-09 21:46:22', '2019-10-09 21:46:22'),
(367, 'BAHONDO', 9, 40, '2019-10-09 21:46:22', '2019-10-09 21:46:22'),
(368, 'INDALECIO LIEVANO AGUIRRE.', 9, 41, '2019-10-09 21:47:23', '2019-10-09 21:47:23'),
(369, 'JOSE HERNANDO DUARTE', 10, 42, '2019-10-09 21:47:23', '2019-10-09 21:47:23'),
(370, 'SAN LUIS BELTRAN', 10, 42, '2019-10-09 21:47:24', '2019-10-09 21:47:24'),
(371, 'BOYACA', 10, 42, '2019-10-09 21:47:24', '2019-10-09 21:47:24'),
(372, 'ALBERTINA HOYOS DE OSORIO', 10, 42, '2019-10-09 21:47:24', '2019-10-09 21:47:24'),
(373, 'DOLORES LOPEZ DE GIRALDO', 10, 43, '2019-10-09 21:47:24', '2019-10-09 21:47:24'),
(374, 'QUENIER GIRALDO', 10, 43, '2019-10-09 21:47:24', '2019-10-09 21:47:24'),
(375, 'SAN CAYETANO', 10, 43, '2019-10-09 21:47:25', '2019-10-09 21:47:25'),
(376, 'SEBASTIAN DE BEL ALCAZAR', 10, 43, '2019-10-09 21:47:25', '2019-10-09 21:47:25'),
(377, 'RICARDO LUIS BETANCOURTH', 10, 44, '2019-10-09 21:47:25', '2019-10-09 21:47:25'),
(378, 'INES FERNANDEZ DE AGUDELO', 10, 44, '2019-10-09 21:47:25', '2019-10-09 21:47:25'),
(379, 'SOR MARÍA JULIANA', 10, 44, '2019-10-09 21:47:25', '2019-10-09 21:47:25'),
(380, 'SANTA ANA', 20, 80, '2019-10-09 21:47:25', '2019-10-09 21:47:45'),
(381, 'SOFIA AGUDELO', 10, 44, '2019-10-09 21:47:26', '2019-10-09 21:47:26'),
(382, 'ANTONIO RICAUTE', 11, 24, '2019-10-09 21:47:26', '2019-10-09 21:47:26'),
(383, 'AMPARO MORALES', 11, 24, '2019-10-09 21:47:26', '2019-10-09 21:47:26'),
(384, 'JOSE MARIA VARGAS', 11, 24, '2019-10-09 21:47:26', '2019-10-09 21:47:26'),
(385, 'RUFINO JOSE CUERVO', 11, 24, '2019-10-09 21:47:26', '2019-10-09 21:47:26'),
(386, 'GONZALO JIMENEZ DE QUEZADA', 11, 24, '2019-10-09 21:47:26', '2019-10-09 21:47:26'),
(387, 'GENERAL PINTO', 11, 24, '2019-10-09 21:47:27', '2019-10-09 21:47:27'),
(388, 'JULIA ZAPATA', 11, 45, '2019-10-09 21:47:27', '2019-10-09 21:47:27'),
(389, 'SEDE RICARDO NIETO', 11, 45, '2019-10-09 21:47:27', '2019-10-09 21:47:27'),
(390, 'SIETE DE AGOSTO', 11, 45, '2019-10-09 21:47:27', '2019-10-09 21:47:27'),
(391, 'EDUARDO RIASCOS GRUESO', 12, 46, '2019-10-09 21:47:28', '2019-10-09 21:47:28'),
(392, 'CENTRO DOCENTE NO 11 POLICARPA SALAVARRIETA', 12, 46, '2019-10-09 21:47:28', '2019-10-09 21:47:28'),
(393, 'LA HONDA', 12, 46, '2019-10-09 21:47:28', '2019-10-09 21:47:28'),
(394, 'EL PARAISO', 12, 46, '2019-10-09 21:47:28', '2019-10-09 21:47:28'),
(395, 'JOSE ANTONIO  GALAN', 12, 46, '2019-10-09 21:47:28', '2019-10-09 21:47:28'),
(396, 'RICARDO BALCAZAR MONZON', 12, 48, '2019-10-09 21:47:28', '2019-10-09 21:47:28'),
(397, 'MARIA LUISA DE LA ESPADA', 12, 48, '2019-10-09 21:47:28', '2019-10-09 21:47:28'),
(398, 'HERNANDO BORRERO CUADROS', 12, 48, '2019-10-09 21:47:29', '2019-10-09 21:47:29'),
(399, 'SANTA BARBARA', 12, 49, '2019-10-09 21:47:29', '2019-10-09 21:47:29'),
(400, 'RICARDO CIFUENTES RIOMAÑA', 12, 50, '2019-10-09 21:47:29', '2019-10-09 21:47:29'),
(401, 'EDUARDO CABAL MOLINA', 12, 50, '2019-10-09 21:47:29', '2019-10-09 21:47:29'),
(402, 'GERMAN MEJIA', 13, 51, '2019-10-09 21:47:29', '2019-10-09 21:47:29'),
(403, 'LLANITOS', 13, 53, '2019-10-09 21:47:30', '2019-10-09 21:47:30'),
(404, 'ERASMO VIVAS', 13, 53, '2019-10-09 21:47:30', '2019-10-09 21:47:30'),
(405, 'LA PLAYA', 41, 189, '2019-10-09 21:47:30', '2019-10-09 21:49:37'),
(406, 'EL REMOLINO', 13, 53, '2019-10-09 21:47:30', '2019-10-09 21:47:30'),
(407, 'NUESTRA SEÑORA  DE FATIMA', 13, 53, '2019-10-09 21:47:31', '2019-10-09 21:47:31'),
(408, 'TERESITA GRAJALES', 14, 55, '2019-10-09 21:47:31', '2019-10-09 21:47:31'),
(409, 'ALBERTO FRESNEDA', 14, 55, '2019-10-09 21:47:31', '2019-10-09 21:47:31'),
(410, 'JUAN ANTONIO PEREIRA', 14, 55, '2019-10-09 21:47:31', '2019-10-09 21:47:31'),
(411, 'SAN JORGE', 15, 63, '2019-10-09 21:47:31', '2019-10-09 21:47:38'),
(412, 'JACINTO SANCHEZ', 14, 55, '2019-10-09 21:47:31', '2019-10-09 21:47:31'),
(413, 'LUIS ZULUAGA', 14, 55, '2019-10-09 21:47:31', '2019-10-09 21:47:31'),
(414, 'ROMULO RENGIFO', 14, 55, '2019-10-09 21:47:31', '2019-10-09 21:47:31'),
(415, 'SAN MARTIN DE PORRES', 19, 77, '2019-10-09 21:47:31', '2019-10-09 21:47:43'),
(416, 'ROSA SARATE DE PEÑA', 14, 55, '2019-10-09 21:47:31', '2019-10-09 21:47:31'),
(417, 'SAN PABLO', 14, 55, '2019-10-09 21:47:32', '2019-10-09 21:47:32'),
(418, 'GENERAL RENGIFO', 14, 55, '2019-10-09 21:47:32', '2019-10-09 21:47:32'),
(419, 'RICARDO MUÑOZ', 14, 56, '2019-10-09 21:47:32', '2019-10-09 21:47:32'),
(420, 'NICOLAS BORRERO OLANO', 14, 56, '2019-10-09 21:47:33', '2019-10-09 21:47:33'),
(421, 'ELVIRA PEÑA', 14, 56, '2019-10-09 21:47:33', '2019-10-09 21:47:33'),
(422, 'BENJAMIN PEREA', 14, 56, '2019-10-09 21:47:33', '2019-10-09 21:47:33'),
(423, 'XAI DE DRUA WADRA', 15, 57, '2019-10-09 21:47:33', '2019-10-09 21:47:33'),
(424, 'INDALECIO MURIMBIA', 15, 57, '2019-10-09 21:47:33', '2019-10-09 21:47:33'),
(425, 'JARADEAI DACHI BEDEA', 15, 57, '2019-10-09 21:47:33', '2019-10-09 21:47:33'),
(426, 'LOS NIASA', 15, 57, '2019-10-09 21:47:33', '2019-10-09 21:47:33'),
(427, 'ISAIAS GUEGIA', 15, 57, '2019-10-09 21:47:33', '2019-10-09 21:47:33'),
(428, 'KIMA DRUA', 15, 57, '2019-10-09 21:47:33', '2019-10-09 21:47:33'),
(429, 'CACIQUE GONZALEZ', 15, 57, '2019-10-09 21:47:33', '2019-10-09 21:47:33'),
(430, 'KWESX KIWE', 15, 57, '2019-10-09 21:47:33', '2019-10-09 21:47:33'),
(431, 'LEONEL TROCHEZ', 15, 57, '2019-10-09 21:47:33', '2019-10-09 21:47:33'),
(432, 'KWE´SX UMA KIWE', 15, 57, '2019-10-09 21:47:34', '2019-10-09 21:47:34'),
(433, 'NASA KIWE', 15, 57, '2019-10-09 21:47:34', '2019-10-09 21:47:34'),
(434, 'MAGDALENA ORTEGA DE NARIÑO', 15, 57, '2019-10-09 21:47:34', '2019-10-09 21:47:34'),
(435, 'NASA CXHACXA', 15, 57, '2019-10-09 21:47:34', '2019-10-09 21:47:34'),
(436, 'JOSE MIGUEL IPIA', 15, 57, '2019-10-09 21:47:34', '2019-10-09 21:47:34'),
(437, 'BASILIO LABIO', 15, 57, '2019-10-09 21:47:34', '2019-10-09 21:47:34'),
(438, 'EL MIRADOR', 15, 57, '2019-10-09 21:47:34', '2019-10-09 21:47:34'),
(439, 'LUIS CARLOS GALAN', 15, 57, '2019-10-09 21:47:34', '2019-10-09 21:47:34'),
(440, 'SAN GIL', 15, 57, '2019-10-09 21:47:34', '2019-10-09 21:47:34'),
(441, 'LA PRIMAVERA', 15, 57, '2019-10-09 21:47:34', '2019-10-09 21:47:34'),
(442, 'SAN JUANITO', 15, 57, '2019-10-09 21:47:34', '2019-10-09 21:47:34'),
(443, 'SAN ANTONIO DE PADUA', 15, 57, '2019-10-09 21:47:35', '2019-10-09 21:47:35'),
(444, 'CAROLA BUENO DE BUENO', 15, 57, '2019-10-09 21:47:35', '2019-10-09 21:47:35'),
(445, 'SAN JOSE DE LAS GUACAS', 15, 57, '2019-10-09 21:47:35', '2019-10-09 21:47:35'),
(446, 'KIMI PERNIA DOMICO 2', 15, 57, '2019-10-09 21:47:35', '2019-10-09 21:47:35'),
(447, 'CACIQUE UMADA', 15, 57, '2019-10-09 21:47:35', '2019-10-09 21:47:35'),
(448, 'KIMI PERNIA DOMICO 1', 15, 57, '2019-10-09 21:47:35', '2019-10-09 21:47:35'),
(449, 'CACIQUE CORTES', 15, 57, '2019-10-09 21:47:35', '2019-10-09 21:47:35'),
(450, 'CACIQUE YAGARI', 15, 57, '2019-10-09 21:47:35', '2019-10-09 21:47:35'),
(451, 'CACIQUE TASCON', 15, 57, '2019-10-09 21:47:35', '2019-10-09 21:47:35'),
(452, 'CACIQUE CALARCA', 15, 57, '2019-10-09 21:47:35', '2019-10-09 21:47:35'),
(453, 'DOXURA', 15, 57, '2019-10-09 21:47:35', '2019-10-09 21:47:35'),
(454, 'LUUCX YAT', 15, 57, '2019-10-09 21:47:35', '2019-10-09 21:47:35'),
(455, 'KWE´SX U´SE YAAKXNXI', 15, 57, '2019-10-09 21:47:35', '2019-10-09 21:47:35'),
(456, 'LUUCX KIWE', 15, 57, '2019-10-09 21:47:35', '2019-10-09 21:47:35'),
(457, 'INDIO AGUALONGO', 15, 57, '2019-10-09 21:47:36', '2019-10-09 21:47:36'),
(458, 'CACIQUE ESCOBAR', 15, 57, '2019-10-09 21:47:36', '2019-10-09 21:47:36'),
(459, 'CACIQUE TAUDA', 15, 57, '2019-10-09 21:47:36', '2019-10-09 21:47:36'),
(460, 'DOJUURU', 15, 57, '2019-10-09 21:47:36', '2019-10-09 21:47:36'),
(461, 'DAI KURISIA', 15, 57, '2019-10-09 21:47:36', '2019-10-09 21:47:36'),
(462, 'CACIQUE EADEBENA', 15, 57, '2019-10-09 21:47:36', '2019-10-09 21:47:36'),
(463, 'CACIQUE KARABI', 15, 57, '2019-10-09 21:47:36', '2019-10-09 21:47:36'),
(464, 'CACIQUE DOVIGAMO', 15, 57, '2019-10-09 21:47:36', '2019-10-09 21:47:36'),
(465, 'CACIQUE DOPARA', 15, 57, '2019-10-09 21:47:36', '2019-10-09 21:47:36'),
(466, 'CACIQUE DOJABIDA', 15, 57, '2019-10-09 21:47:36', '2019-10-09 21:47:36'),
(467, 'CACIQUE GUASIRUMA', 15, 57, '2019-10-09 21:47:36', '2019-10-09 21:47:36'),
(468, 'CACIQUE NACEQUIA', 15, 57, '2019-10-09 21:47:36', '2019-10-09 21:47:36'),
(469, 'CACIQUE TUNAI', 15, 57, '2019-10-09 21:47:36', '2019-10-09 21:47:36'),
(470, 'DACHI BANIA', 15, 57, '2019-10-09 21:47:37', '2019-10-09 21:47:37'),
(471, 'DAI URUMAMADUANUMA', 15, 57, '2019-10-09 21:47:37', '2019-10-09 21:47:37'),
(472, 'TULIO GONZALES FORERO', 15, 59, '2019-10-09 21:47:37', '2019-10-09 21:47:37'),
(473, 'EL BARBULA', 15, 59, '2019-10-09 21:47:37', '2019-10-09 21:47:37'),
(474, 'FABIO SOLANO GUTIERREZ', 15, 60, '2019-10-09 21:47:37', '2019-10-09 21:47:37'),
(475, 'EL TAMBORAL', 15, 60, '2019-10-09 21:47:37', '2019-10-09 21:47:37'),
(476, 'SAN JOAQUIN', 50, 247, '2019-10-09 21:47:37', '2019-10-09 21:49:50'),
(477, 'GABRIEL GARCIA MARQUEZ', 4, 142, '2019-10-09 21:47:37', '2019-10-09 21:49:27'),
(478, 'ANTONIO ISAZA', 15, 62, '2019-10-09 21:47:38', '2019-10-09 21:47:38'),
(479, 'JOSE CELESTINO MUITS', 15, 63, '2019-10-09 21:47:38', '2019-10-09 21:47:38'),
(480, 'JUANA DE ARCO', 16, 64, '2019-10-09 21:47:38', '2019-10-09 21:47:38'),
(481, 'COMINAL', 16, 65, '2019-10-09 21:47:39', '2019-10-09 21:47:39'),
(482, 'CANAIMA', 16, 65, '2019-10-09 21:47:39', '2019-10-09 21:47:39'),
(483, 'JOAQUIN C. TORRES', 16, 65, '2019-10-09 21:47:39', '2019-10-09 21:47:39'),
(484, 'PERPETUO SOCORRO', 16, 66, '2019-10-09 21:47:39', '2019-10-09 21:47:39'),
(485, 'JOSE MARIA VILLEGAS', 16, 67, '2019-10-09 21:47:39', '2019-10-09 21:47:39'),
(486, 'JOSE ARBEY GARCIA', 17, 68, '2019-10-09 21:47:40', '2019-10-09 21:47:40'),
(487, 'PEDRO VICENTE ABADIA (GUABITAS)', 17, 68, '2019-10-09 21:47:40', '2019-10-09 21:47:40'),
(488, 'CLIMACO LENIS', 17, 110, '2019-10-09 21:47:40', '2019-10-09 21:47:40'),
(489, 'HEBERTH  MARINO SAAVEDRA', 17, 110, '2019-10-09 21:47:40', '2019-10-09 21:47:40'),
(490, 'LOS LULOS', 17, 110, '2019-10-09 21:47:40', '2019-10-09 21:47:40'),
(491, 'MARCO  FIDEL SUAREZ', 17, 110, '2019-10-09 21:47:40', '2019-10-09 21:47:40'),
(492, 'VIRGEN DE FATIMA', 17, 110, '2019-10-09 21:47:40', '2019-10-09 21:47:40'),
(493, 'SAN ROQUE', 17, 110, '2019-10-09 21:47:40', '2019-10-09 21:47:40'),
(494, 'SANTA ROSA DE LIMA', 17, 110, '2019-10-09 21:47:40', '2019-10-09 21:47:40'),
(495, 'CARMEN ARZAYUS', 17, 70, '2019-10-09 21:47:40', '2019-10-09 21:47:40'),
(496, 'JARDÍN NIÑO JESUS DE PRAGA', 17, 71, '2019-10-09 21:47:41', '2019-10-09 21:47:41'),
(497, 'EDUARDO SANTOS', 18, 72, '2019-10-09 21:47:41', '2019-10-09 21:47:41'),
(498, 'HELIODORO AGUADO', 18, 73, '2019-10-09 21:47:41', '2019-10-09 21:47:41'),
(499, 'MARISCAL SUCRE', 18, 73, '2019-10-09 21:47:41', '2019-10-09 21:47:41'),
(500, 'LA SOFIA', 18, 74, '2019-10-09 21:47:42', '2019-10-09 21:47:42'),
(501, 'JESUS OSIAS QUINTERO', 19, 76, '2019-10-09 21:47:42', '2019-10-09 21:47:42'),
(502, 'C.E. ELÍAS GIRÓN VINASCO', 19, 76, '2019-10-09 21:47:43', '2019-10-09 21:47:43'),
(503, 'PBRO JOSE ANCIZAR HENAO', 19, 76, '2019-10-09 21:47:43', '2019-10-09 21:47:43'),
(504, 'HERMILA SALAZAR', 19, 76, '2019-10-09 21:47:43', '2019-10-09 21:47:43'),
(505, 'LUIS ALFONSO VINASCO', 19, 76, '2019-10-09 21:47:43', '2019-10-09 21:47:43'),
(506, 'BELISARIO CAICEDO', 19, 76, '2019-10-09 21:47:43', '2019-10-09 21:47:43'),
(507, 'SAN RAFAEL', 19, 79, '2019-10-09 21:47:44', '2019-10-09 21:47:44'),
(508, 'TRINIDAD TAMAYO', 19, 79, '2019-10-09 21:47:44', '2019-10-09 21:47:44'),
(509, 'ROSALÍA JARAMILLO', 20, 80, '2019-10-09 21:47:44', '2019-10-09 21:47:44'),
(510, 'MIGUEL MARÍA DÁVILA', 20, 80, '2019-10-09 21:47:44', '2019-10-09 21:47:44'),
(511, 'ELPIDIA LEMOS', 20, 80, '2019-10-09 21:47:44', '2019-10-09 21:47:44'),
(512, 'PEDRO JOSÉ MURGUEITIO', 21, 83, '2019-10-09 21:47:45', '2019-10-09 21:47:45'),
(513, 'ISIDORO  PAOLI', 21, 84, '2019-10-09 21:47:45', '2019-10-09 21:47:45'),
(514, 'ARNULFO DRADA', 21, 2, '2019-10-09 21:47:46', '2019-10-09 21:47:46'),
(515, 'ELENA ROMERO DE MARTÍNEZ', 22, 19, '2019-10-09 21:47:46', '2019-10-09 21:47:46'),
(516, 'JOSE CESLESTINO MUTIS', 22, 85, '2019-10-09 21:47:46', '2019-10-09 21:47:46'),
(517, 'FRANCISCO P. SANTANDER', 22, 85, '2019-10-09 21:47:46', '2019-10-09 21:47:46'),
(518, 'BLASS  DE LESSO', 22, 85, '2019-10-09 21:47:46', '2019-10-09 21:47:46'),
(519, 'SAN JULIAN', 22, 86, '2019-10-09 21:47:46', '2019-10-09 21:47:46'),
(520, 'SIMBAD ARTURO BUENO', 22, 86, '2019-10-09 21:47:47', '2019-10-09 21:47:47'),
(521, 'MANUEL JOSE RAMIREZ', 22, 86, '2019-10-09 21:47:47', '2019-10-09 21:47:47'),
(522, 'GREGORIO RAMOS', 22, 86, '2019-10-09 21:47:47', '2019-10-09 21:47:47'),
(523, 'DOLORES BUENO DE TEJADA', 22, 87, '2019-10-09 21:47:47', '2019-10-09 21:47:47'),
(524, 'JOSE MARIA VIVAS BALCAZAR', 22, 88, '2019-10-09 21:47:47', '2019-10-09 21:47:47'),
(525, 'NIDIA NAVARRETE', 22, 89, '2019-10-09 21:47:47', '2019-10-09 21:47:47'),
(526, 'ISABEL NAGETH ARIZA', 23, 90, '2019-10-09 21:47:47', '2019-10-09 21:47:47'),
(527, 'SAN PEDRO CLAVER', 23, 90, '2019-10-09 21:47:48', '2019-10-09 21:47:48'),
(528, 'BUENVIVIR', 23, 91, '2019-10-09 21:47:48', '2019-10-09 21:47:48'),
(529, 'SAN ROMAN', 23, 91, '2019-10-09 21:47:48', '2019-10-09 21:47:48'),
(530, 'XX DE JULIO', 23, 91, '2019-10-09 21:47:48', '2019-10-09 21:47:48'),
(531, 'LOS MORENOS', 23, 92, '2019-10-09 21:47:48', '2019-10-09 21:47:48'),
(532, 'LA ALBANIA', 23, 92, '2019-10-09 21:47:48', '2019-10-09 21:47:48'),
(533, 'SANTA FE', 24, 95, '2019-10-09 21:47:49', '2019-10-09 21:47:49'),
(534, 'SAN LUIS GONZAGA', 24, 95, '2019-10-09 21:47:49', '2019-10-09 21:47:49'),
(535, 'VERACRUZ', 24, 95, '2019-10-09 21:47:49', '2019-10-09 21:47:49'),
(536, 'MARCO TRULIO CÁRDENAS', 24, 96, '2019-10-09 21:47:49', '2019-10-09 21:47:49'),
(537, 'LAUREANO CAICEDO TRUJILLO', 24, 96, '2019-10-09 21:47:49', '2019-10-09 21:47:49'),
(538, 'MARCOS FIDEL SUAREZ', 24, 96, '2019-10-09 21:47:50', '2019-10-09 21:47:50'),
(539, 'JUAN  XXIII', 24, 97, '2019-10-09 21:47:50', '2019-10-09 21:47:50'),
(540, 'EL SOCORRO', 24, 36, '2019-10-09 21:47:51', '2019-10-09 21:47:51'),
(541, 'MELIDA CRUZ', 24, 98, '2019-10-09 21:47:51', '2019-10-09 21:47:51'),
(542, 'LA HERRADURA (SEDE PRINCIPAL)', 35, 132, '2019-10-09 21:48:52', '2019-10-09 21:48:52'),
(543, 'EL TABLON (SEDE PRINCIPAL)', 35, 133, '2019-10-09 21:48:52', '2019-10-09 21:48:52'),
(544, 'LLACUANAS (SEDE PRINCIPAL)', 35, 134, '2019-10-09 21:48:52', '2019-10-09 21:48:52'),
(545, 'SAN LUIS (SEDE PRINCIPAL)', 35, 135, '2019-10-09 21:48:52', '2019-10-09 21:48:52'),
(546, 'NORMAL NACIONAL SANTA CLARA - SEDE PRINCIPAL', 35, 136, '2019-10-09 21:48:52', '2019-10-09 21:48:52'),
(547, 'SINAI (SEDE PRINCIPAL)', 4, 137, '2019-10-09 21:48:52', '2019-10-09 21:48:52'),
(548, 'PUERTO RICO (SEDE PRINCIPAL)', 4, 138, '2019-10-09 21:48:53', '2019-10-09 21:48:53'),
(549, 'LA BELLEZA (SEDE PRINCIPAL)', 4, 139, '2019-10-09 21:48:53', '2019-10-09 21:48:53'),
(550, 'MIGUEL ZAPATA (SEDE PRINCIPAL)', 4, 140, '2019-10-09 21:48:53', '2019-10-09 21:48:53'),
(551, 'MARCO FIDEL NARVAEZ (SEDE PRINCIPAL)', 4, 141, '2019-10-09 21:48:53', '2019-10-09 21:48:53'),
(552, 'ARGELIA (SEDE PRINCIPAL)', 4, 142, '2019-10-09 21:48:53', '2019-10-09 21:48:53'),
(553, 'SAN ALFONSO (SEDE PRINCIPAL)', 36, 143, '2019-10-09 21:48:53', '2019-10-09 21:48:53'),
(554, 'LA PLANADA (SEDE PRINCIPAL)', 36, 144, '2019-10-09 21:48:54', '2019-10-09 21:48:54'),
(555, 'OLAYA (SEDE PRINCIPAL)', 36, 145, '2019-10-09 21:48:54', '2019-10-09 21:48:54'),
(556, 'VASCO NUÑEZ DE BALBOA (SEDE PRINCIPAL)', 36, 146, '2019-10-09 21:48:54', '2019-10-09 21:48:54'),
(557, 'NUESTRA SENORA DEL CARMEN (SEDE PRINCIPAL)', 38, 167, '2019-10-09 21:48:54', '2019-10-09 21:48:57'),
(558, 'JOSE DOLORES DAZA (SEDE PRINCIPAL)', 5, 148, '2019-10-09 21:48:54', '2019-10-09 21:48:54'),
(559, 'ALEJANDRO GOMEZ MUNOZ (SEDE PRINCIPAL)', 5, 149, '2019-10-09 21:48:54', '2019-10-09 21:48:54'),
(560, 'SAN JOSE DEL MORRO (SEDE PRINCIPAL)', 5, 150, '2019-10-09 21:48:54', '2019-10-09 21:48:54'),
(561, 'ANDINO (SEDE PRINCIPAL)', 5, 151, '2019-10-09 21:48:54', '2019-10-09 21:48:54'),
(562, 'EL RODEO (SEDE PRINCIPAL)', 5, 152, '2019-10-09 21:48:55', '2019-10-09 21:48:55'),
(563, 'LA CARBONERA (SEDE PRINCIPAL)', 5, 153, '2019-10-09 21:48:55', '2019-10-09 21:48:55'),
(564, 'SAN FERNANDO DE MELCHOR (SEDE PRINCIPAL)', 5, 154, '2019-10-09 21:48:55', '2019-10-09 21:48:55'),
(565, 'EL CARMEN (SEDE PRINCIPAL)', 56, 276, '2019-10-09 21:48:55', '2019-10-09 21:49:12'),
(566, 'SANTA CATALINA LABUORE (SEDE PRINCIPAL)', 5, 156, '2019-10-09 21:48:55', '2019-10-09 21:48:55'),
(567, 'DOMINGO BELISARIO GOMEZ (SEDE PRINCIPAL)', 5, 157, '2019-10-09 21:48:56', '2019-10-09 21:48:56'),
(568, 'MARCO FIDEL SUAREZ (SEDE PRINCIPAL)', 5, 158, '2019-10-09 21:48:56', '2019-10-09 21:48:56'),
(569, 'PALO BLANCO (SEDE PRINCIPAL)', 37, 159, '2019-10-09 21:48:56', '2019-10-09 21:48:56'),
(570, 'NUEVA VISION DE HONDURAS (SEDE PRINCIPAL)', 37, 160, '2019-10-09 21:48:56', '2019-10-09 21:48:56'),
(571, 'BRISAS DE MARILOPEZ (SEDE PRINCIPAL)', 37, 161, '2019-10-09 21:48:56', '2019-10-09 21:48:56'),
(572, 'VALENTIN CARABALI (SEDE PRINCIPAL)', 37, 162, '2019-10-09 21:48:56', '2019-10-09 21:48:56'),
(573, 'MAZAMORRERO (SEDE PRINCIPAL)', 37, 163, '2019-10-09 21:48:56', '2019-10-09 21:48:56'),
(574, 'MARIA AUXILIADORA (SEDE PRINCIPAL)', 37, 164, '2019-10-09 21:48:56', '2019-10-09 21:48:56'),
(575, 'NUESTRA SEÑORA DEL ROSARIO (SEDE PRINCIPAL)', 60, 300, '2019-10-09 21:48:57', '2019-10-09 21:49:16'),
(576, 'NUESTRA SEÑORA DE LAS MERCEDES (SEDE PRINCIPAL)', 38, 166, '2019-10-09 21:48:57', '2019-10-09 21:48:57'),
(577, 'EFRAIN OROZCO (SEDE PRINCIPAL)', 38, 168, '2019-10-09 21:48:57', '2019-10-09 21:48:57'),
(578, 'LA CAPILLA (SEDE PRINCIPAL)', 38, 169, '2019-10-09 21:48:57', '2019-10-09 21:48:57'),
(579, 'CASAS BAJAS (SEDE PRINCIPAL)', 38, 170, '2019-10-09 21:48:57', '2019-10-09 21:48:57'),
(580, 'EL TUNEL (SEDE PRINCIPAL)', 38, 171, '2019-10-09 21:48:57', '2019-10-09 21:48:57'),
(581, 'ALTO MOJIBIO (SEDE PRINCIPAL)', 38, 172, '2019-10-09 21:48:57', '2019-10-09 21:48:57'),
(582, 'LA MESETA (SEDE PRINCIPAL)', 65, 328, '2019-10-09 21:48:58', '2019-10-09 21:49:21'),
(583, 'DINDE (SEDE PRINCIPAL)', 38, 174, '2019-10-09 21:48:58', '2019-10-09 21:48:58'),
(584, 'CARMEN DE QUINTANA (SEDE PRINCIPAL)', 38, 175, '2019-10-09 21:48:58', '2019-10-09 21:48:58'),
(585, 'LOS COMUNEROS (SEDE PRINCIPAL)', 39, 176, '2019-10-09 21:48:58', '2019-10-09 21:48:58'),
(586, 'GUILLERMO LEON VALENCIA (SEDE PRINCIPAL)', 39, 177, '2019-10-09 21:48:58', '2019-10-09 21:48:58'),
(587, 'MONTERILLA (SEDE PRINCIPAL)', 39, 178, '2019-10-09 21:48:58', '2019-10-09 21:48:58'),
(588, 'EL ROSARIO (SEDE PRINCIPAL)', 43, 209, '2019-10-09 21:48:58', '2019-10-09 21:49:02'),
(589, 'SUSANA TROCHEZ DE VIVAS (SEDE PRINCIPAL)', 39, 180, '2019-10-09 21:48:58', '2019-10-09 21:48:58'),
(590, 'EL PALO (SEDE PRINCIPAL)', 40, 181, '2019-10-09 21:48:59', '2019-10-09 21:48:59'),
(591, 'QUINTERO (SEDE PRINCIPAL)', 40, 182, '2019-10-09 21:48:59', '2019-10-09 21:48:59'),
(592, 'LA NIÑA MARIA - CRUCERO DE GUALI (SEDE PRINCIPAL)', 40, 183, '2019-10-09 21:48:59', '2019-10-09 21:48:59'),
(593, 'HUASANO  (SEDE PRINCIPAL)', 40, 184, '2019-10-09 21:48:59', '2019-10-09 21:48:59'),
(594, 'NUCLEO ESCOLAR CALOTO (SEDE PRINCIPAL)', 40, 185, '2019-10-09 21:48:59', '2019-10-09 21:48:59'),
(595, 'ESCIPION JARAMILLO (SEDE PRINCIPAL)', 40, 186, '2019-10-09 21:48:59', '2019-10-09 21:48:59'),
(596, 'SAGRADA FAMILIA (SEDE PRINCIPAL)', 49, 446, '2019-10-09 21:48:59', '2019-10-09 21:49:49'),
(597, 'LAS GUACAS (SEDE PRINCIPAL)', 41, 188, '2019-10-09 21:48:59', '2019-10-09 21:48:59'),
(598, 'INSTITUTO COMERCIAL DEL CAUCA INCODELCA (SEDE PRINCIPAL)', 41, 189, '2019-10-09 21:49:00', '2019-10-09 21:49:00'),
(599, 'JOSE MARIA OBANDO (SEDE PRINCIPAL)', 42, 192, '2019-10-09 21:49:00', '2019-10-09 21:49:00'),
(600, 'NUCLEO TECNICO (SEDE PRINCIPAL)', 41, 191, '2019-10-09 21:49:00', '2019-10-09 21:49:00'),
(601, 'CHISQUIO (SEDE PRINCIPAL)', 42, 193, '2019-10-09 21:49:00', '2019-10-09 21:49:00'),
(602, 'LOS ANAYES (SEDE PRINCIPAL)', 42, 194, '2019-10-09 21:49:00', '2019-10-09 21:49:00'),
(603, 'LAS BOTAS (SEDE PRINCIPAL)', 42, 195, '2019-10-09 21:49:01', '2019-10-09 21:49:01'),
(604, 'SEVILLA (SEDE PRINCIPAL)', 42, 196, '2019-10-09 21:49:01', '2019-10-09 21:49:01'),
(605, 'LA PAZ (SEDE PRINCIPAL)', 64, 197, '2019-10-09 21:49:01', '2019-10-09 21:49:20'),
(606, 'PIAGUA (SEDE PRINCIPAL)', 42, 198, '2019-10-09 21:49:01', '2019-10-09 21:49:01');
INSERT INTO `headquarters` (`id`, `name`, `town_id`, `institution_id`, `created_at`, `updated_at`) VALUES
(607, 'QUILCACE (SEDE PRINCIPAL)', 42, 199, '2019-10-09 21:49:01', '2019-10-09 21:49:01'),
(608, 'SEGUENGUE (SEDE PRINCIPAL)', 42, 200, '2019-10-09 21:49:01', '2019-10-09 21:49:01'),
(609, 'URIBE (SEDE PRINCIPAL)', 42, 201, '2019-10-09 21:49:01', '2019-10-09 21:49:01'),
(610, 'CUATRO ESQUINAS (SEDE PRINCIPAL)', 42, 202, '2019-10-09 21:49:01', '2019-10-09 21:49:01'),
(611, 'EL PLACER (SEDE PRINCIPAL)', 42, 203, '2019-10-09 21:49:01', '2019-10-09 21:49:01'),
(612, 'PUEBLO NUEVO CIPRÉS (SEDE PRINCIPAL)', 42, 204, '2019-10-09 21:49:02', '2019-10-09 21:49:02'),
(613, 'LIBORIO MEJIA (SEDE PRINCIPAL)', 42, 205, '2019-10-09 21:49:02', '2019-10-09 21:49:02'),
(614, 'SAN CARLOS (SEDE PRINCIPAL)', 42, 206, '2019-10-09 21:49:02', '2019-10-09 21:49:02'),
(615, 'FRANCISCO DE PAULA SANTANDER (SEDE PRINCIPAL)', 42, 207, '2019-10-09 21:49:02', '2019-10-09 21:49:02'),
(616, 'JOSE TORIBIO PAZ MONCAYO (SEDE PRINCIPAL)', 43, 208, '2019-10-09 21:49:02', '2019-10-09 21:49:02'),
(617, 'JORGE ELIECER GAITAN (SEDE PRINCIPAL)', 44, 210, '2019-10-09 21:49:03', '2019-10-09 21:49:03'),
(618, 'VEREDAS UNIDAS BARRAGAN (SEDE PRINCIPAL)', 44, 211, '2019-10-09 21:49:03', '2019-10-09 21:49:03'),
(619, 'OBANDO (SEDE PRINCIPAL)', 44, 212, '2019-10-09 21:49:03', '2019-10-09 21:49:03'),
(620, 'LA CABAÑA (SEDE PRINCIPAL)', 67, 338, '2019-10-09 21:49:03', '2019-10-09 21:49:22'),
(621, 'SAN JOSE (SEDE PRINCIPAL)', 68, 346, '2019-10-09 21:49:04', '2019-10-09 21:49:24'),
(622, 'SAN ANTONIO DE GUAJUI (SEDE PRINCIPAL)', 45, 215, '2019-10-09 21:49:04', '2019-10-09 21:49:04'),
(623, 'FRAY LUIS AMIGO (SEDE PRINCIPAL)', 45, 216, '2019-10-09 21:49:04', '2019-10-09 21:49:04'),
(624, 'SAN AGUSTIN DEL NAPI (SEDE PRINCIPAL)', 45, 217, '2019-10-09 21:49:04', '2019-10-09 21:49:04'),
(625, 'CHUARE NAPI (SEDE PRINCIPAL)', 45, 218, '2019-10-09 21:49:04', '2019-10-09 21:49:04'),
(626, 'SAN PEDRO Y SAN PABLO (SEDE PRINCIPAL)', 45, 219, '2019-10-09 21:49:05', '2019-10-09 21:49:05'),
(627, 'MANUEL DE VALVERDE (SEDE PRINCIPAL)', 45, 220, '2019-10-09 21:49:05', '2019-10-09 21:49:05'),
(628, 'NORMAL SUPERIOR NACIONAL LA INMACULADA (SEDE PRINCIPAL)', 45, 221, '2019-10-09 21:49:05', '2019-10-09 21:49:05'),
(629, 'SAGRADA FAMILIA DE NAZARETH (SEDE PRINCIPAL)', 46, 223, '2019-10-09 21:49:05', '2019-10-09 21:49:05'),
(630, 'INZA (SEDE PRINCIPAL)', 46, 224, '2019-10-09 21:49:05', '2019-10-09 21:49:05'),
(631, 'PROMOCION SOCIAL DE GUANACAS (SEDE PRINCIPAL)', 46, 225, '2019-10-09 21:49:06', '2019-10-09 21:49:06'),
(632, 'INSTITUCION EDUCATIVA MICROEMPRESARIAL AGROPECUARIO SAN ANDRES (SEDE PRINCIPAL)', 46, 226, '2019-10-09 21:49:06', '2019-10-09 21:49:06'),
(633, 'NUESTRA SENORA DE LA CANDELARIA (SEDE PRINCIPAL)', 46, 227, '2019-10-09 21:49:06', '2019-10-09 21:49:06'),
(634, 'LUIS NELSON CUELLAR (SEDE PRINCIPAL)', 46, 228, '2019-10-09 21:49:06', '2019-10-09 21:49:06'),
(635, 'SAN ANTONIO (SEDE PRINCIPAL)', 38, 229, '2019-10-09 21:49:06', '2019-10-09 21:49:31'),
(636, 'SAN ISIDRO (SEDE PRINCIPAL)', 62, 309, '2019-10-09 21:49:06', '2019-10-09 21:49:18'),
(637, 'NUEVA GENERACION (SEDE PRINCIPAL)', 47, 231, '2019-10-09 21:49:06', '2019-10-09 21:49:06'),
(638, 'INSTITUCIÓN EDUCATIVA LA  DEPRESION (SEDE PRINCIPAL)', 47, 232, '2019-10-09 21:49:06', '2019-10-09 21:49:06'),
(639, 'PALO GRANDE BAJO (SEDE PRINCIPAL)', 47, 233, '2019-10-09 21:49:06', '2019-10-09 21:49:06'),
(640, 'FRANCISCO JOSE DE CALDAS (SEDE PRINCIPAL)', 69, 234, '2019-10-09 21:49:07', '2019-10-09 21:49:25'),
(641, 'INSTITUCION EDUCATIVA SANTA RITA (SEDE PRINCIPAL)', 48, 235, '2019-10-09 21:49:07', '2019-10-09 21:49:07'),
(642, 'LOS UVOS (SEDE PRINCIPAL)', 48, 236, '2019-10-09 21:49:07', '2019-10-09 21:49:07'),
(643, 'SAN FRANCISCO JAVIER (SEDE PRINCIPAL)', 48, 237, '2019-10-09 21:49:07', '2019-10-09 21:49:07'),
(644, 'SAN JOSE DE ALTAMIRA (SEDE PRINCIPAL)', 48, 238, '2019-10-09 21:49:07', '2019-10-09 21:49:07'),
(645, 'SANTA ROSA DE LIMA ARBELA (SEDE PRINCIPAL)', 48, 239, '2019-10-09 21:49:07', '2019-10-09 21:49:07'),
(646, 'SANTA JUANA DE ARCO (SEDE PRINCIPAL)', 48, 240, '2019-10-09 21:49:07', '2019-10-09 21:49:07'),
(647, 'NORMAL SUPERIOR LOS ANDES (SEDE PRINCIPAL)', 48, 241, '2019-10-09 21:49:08', '2019-10-09 21:49:08'),
(648, 'PABLO VI (SEDE PRINCIPAL)', 49, 242, '2019-10-09 21:49:08', '2019-10-09 21:49:08'),
(649, 'ZARAGOZA (SEDE PRINCIPAL)', 49, 243, '2019-10-09 21:49:08', '2019-10-09 21:49:08'),
(650, 'SAN ANTONIO DE CHUARE (SEDE PRINCIPAL)', 49, 244, '2019-10-09 21:49:08', '2019-10-09 21:49:08'),
(651, 'SANTA CRUZ DEL SIGUI (SEDE PRINCIPAL)', 49, 245, '2019-10-09 21:49:08', '2019-10-09 21:49:08'),
(652, 'ARBOLEDA (SEDE PRINCIPAL)', 50, 246, '2019-10-09 21:49:08', '2019-10-09 21:49:08'),
(653, 'ISRAEL MARÍA NARVÁEZ (SEDE PRINCIPAL)', 50, 247, '2019-10-09 21:49:08', '2019-10-09 21:49:08'),
(654, 'LOS SOMBRERILLOS (SEDE PRINCIPAL)', 50, 248, '2019-10-09 21:49:08', '2019-10-09 21:49:08'),
(655, 'MOJARRAS (SEDE PRINCIPAL)', 50, 249, '2019-10-09 21:49:09', '2019-10-09 21:49:09'),
(656, 'JUAN XXIII (SEDE PRINCIPAL)', 50, 251, '2019-10-09 21:49:09', '2019-10-09 21:49:09'),
(657, 'ROSARIO MIRANDA (SEDE PRINCIPAL)', 51, 252, '2019-10-09 21:49:09', '2019-10-09 21:49:09'),
(658, 'SANTA ANA (SEDE PRINCIPAL)', 45, 417, '2019-10-09 21:49:09', '2019-10-09 21:49:42'),
(659, 'MONTEREDONDO (SEDE PRINCIPAL)', 51, 254, '2019-10-09 21:49:09', '2019-10-09 21:49:09'),
(660, 'COMERCIAL EL ORTIGAL (SEDE PRINCIPAL)', 51, 255, '2019-10-09 21:49:09', '2019-10-09 21:49:09'),
(661, 'URBANA MARISCAL SUCRE (SEDE PRINCIPAL)', 51, 256, '2019-10-09 21:49:10', '2019-10-09 21:49:10'),
(662, 'LEOPOLDO PIZARRO GONZALEZ (SEDE PRINCIPAL)', 51, 257, '2019-10-09 21:49:10', '2019-10-09 21:49:10'),
(663, 'MAXIMO GOMEZ (SEDE PRINCIPAL)', 52, 258, '2019-10-09 21:49:10', '2019-10-09 21:49:10'),
(664, 'HERMES MARTINEZ (SEDE PRINCIPAL)', 52, 259, '2019-10-09 21:49:10', '2019-10-09 21:49:10'),
(665, 'FRANCISCO ANTONIO RADA (SEDE PRINCIPAL)', 52, 260, '2019-10-09 21:49:10', '2019-10-09 21:49:10'),
(666, 'HOLANDA (SEDE PRINCIPAL)', 53, 261, '2019-10-09 21:49:10', '2019-10-09 21:49:10'),
(667, 'ALMIRANTE PADILLA (SEDE PRINCIPAL)', 53, 262, '2019-10-09 21:49:10', '2019-10-09 21:49:10'),
(668, 'FELIX MARIA ORTIZ (SEDE PRINCIPAL)', 54, 263, '2019-10-09 21:49:11', '2019-10-09 21:49:11'),
(669, 'ESCUELA NORMAL SUPERIOR ENRIQUE VALLEJO DE TIERRADENTRO (SEDE PRINCIPAL)', 54, 264, '2019-10-09 21:49:11', '2019-10-09 21:49:11'),
(670, 'LA MESA (SEDE PRINCIPAL)', 55, 265, '2019-10-09 21:49:11', '2019-10-09 21:49:11'),
(671, 'LA FONDA (SEDE PRINCIPAL)', 55, 266, '2019-10-09 21:49:11', '2019-10-09 21:49:11'),
(672, 'EL ESTRECHO (SEDE PRINCIPAL)', 55, 267, '2019-10-09 21:49:11', '2019-10-09 21:49:11'),
(673, 'DOS RÍOS (SEDE PRINCIPAL)', 55, 268, '2019-10-09 21:49:11', '2019-10-09 21:49:11'),
(674, 'EL TREBOL (SEDE PRINCIPAL)', 55, 269, '2019-10-09 21:49:11', '2019-10-09 21:49:11'),
(675, 'CAMILO TORRES (SEDE PRINCIPAL)', 55, 270, '2019-10-09 21:49:11', '2019-10-09 21:49:11'),
(676, 'LAS BRISAS (SEDE PRINCIPAL)', 55, 271, '2019-10-09 21:49:11', '2019-10-09 21:49:11'),
(677, 'CAPITÁN BERMÚDEZ (SEDE PRINCIPAL)', 55, 272, '2019-10-09 21:49:12', '2019-10-09 21:49:12'),
(678, 'SIMON BOLIVAR (SEDE PRINCIPAL)', 70, 352, '2019-10-09 21:49:12', '2019-10-09 21:49:25'),
(679, 'PATIA (SEDE PRINCIPAL)', 55, 274, '2019-10-09 21:49:12', '2019-10-09 21:49:12'),
(680, 'SANTA ELENA (SEDE PRINCIPAL)', 56, 275, '2019-10-09 21:49:12', '2019-10-09 21:49:12'),
(681, 'TUNIA (SEDE PRINCIPAL)', 56, 277, '2019-10-09 21:49:13', '2019-10-09 21:49:13'),
(682, 'LOS UVALES (SEDE PRINCIPAL)', 56, 278, '2019-10-09 21:49:13', '2019-10-09 21:49:13'),
(683, 'SAN MIGUEL -PISITAO GRANDE (SEDE PRINCIPAL)', 56, 279, '2019-10-09 21:49:13', '2019-10-09 21:49:13'),
(684, 'PIENDAMO (SEDE PRINCIPAL)', 56, 280, '2019-10-09 21:49:13', '2019-10-09 21:49:13'),
(685, 'MADRE DE DIOS (SEDE PRINCIPAL)', 56, 281, '2019-10-09 21:49:13', '2019-10-09 21:49:13'),
(686, 'OASIS (SEDE PRINCIPAL)', 56, 283, '2019-10-09 21:49:13', '2019-10-09 21:49:13'),
(687, 'ANA SILENA ARROYAVE (SEDE PRINCIPAL)', 57, 284, '2019-10-09 21:49:14', '2019-10-09 21:49:14'),
(688, 'SAN PEDRO CLAVER (SEDE PRINCIPAL)', 57, 37, '2019-10-09 21:49:14', '2019-10-09 21:49:14'),
(689, 'LA MILAGROSA (SEDE PRINCIPAL)', 57, 285, '2019-10-09 21:49:14', '2019-10-09 21:49:14'),
(690, 'JOSE HILARIO LOPEZ (SEDE PRINCIPAL)', 57, 286, '2019-10-09 21:49:14', '2019-10-09 21:49:14'),
(691, 'FIDELINA ECHEVERRY (SEDE PRINCIPAL)', 57, 287, '2019-10-09 21:49:14', '2019-10-09 21:49:14'),
(692, 'SAGRADO CORAZON (SEDE PRINCIPAL)', 57, 288, '2019-10-09 21:49:14', '2019-10-09 21:49:14'),
(693, 'MARGARITA LEGARDA (SEDE PRINCIPAL)', 58, 289, '2019-10-09 21:49:14', '2019-10-09 21:49:14'),
(694, 'ALFONSO CORDOBA (SEDE PRINCIPAL)', 59, 290, '2019-10-09 21:49:15', '2019-10-09 21:49:15'),
(695, 'LOMA BAJO (SEDE PRINCIPAL)', 59, 291, '2019-10-09 21:49:15', '2019-10-09 21:49:15'),
(696, 'EL SAUCE (SEDE PRINCIPAL)', 59, 292, '2019-10-09 21:49:15', '2019-10-09 21:49:15'),
(697, 'EL MARQUEZ (SEDE PRINCIPAL)', 59, 293, '2019-10-09 21:49:15', '2019-10-09 21:49:15'),
(698, 'PARRAGA (SEDE PRINCIPAL)', 59, 294, '2019-10-09 21:49:15', '2019-10-09 21:49:15'),
(699, 'SANTA TERESITA (SEDE PRINCIPAL)', 59, 295, '2019-10-09 21:49:15', '2019-10-09 21:49:15'),
(700, 'MADRE CARIDAD BRADER (SEDE PRINCIPAL)', 59, 296, '2019-10-09 21:49:15', '2019-10-09 21:49:15'),
(701, 'SAN SEBASTIAN (SEDE PRINCIPAL)', 60, 297, '2019-10-09 21:49:16', '2019-10-09 21:49:16'),
(702, 'VALENCIA (SEDE PRINCIPAL)', 60, 298, '2019-10-09 21:49:16', '2019-10-09 21:49:16'),
(703, 'SANTIAGO (SEDE PRINCIPAL)', 60, 299, '2019-10-09 21:49:16', '2019-10-09 21:49:16'),
(704, 'VILLALOBOS (SEDE PRINCIPAL', 61, 301, '2019-10-09 21:49:16', '2019-10-09 21:49:16'),
(705, 'JOSÉ ACEVEDO Y GÓMEZ (SEDE PRINCIPAL)', 61, 302, '2019-10-09 21:49:16', '2019-10-09 21:49:16'),
(706, 'LA ARROBLEDA (SEDE PRINCIPAL)', 62, 303, '2019-10-09 21:49:17', '2019-10-09 21:49:17'),
(707, 'JOSE MARIA CORDOBA (SEDE PRINCIPAL)', 62, 304, '2019-10-09 21:49:17', '2019-10-09 21:49:17'),
(708, 'DOMINGUILLO (SEDE PRINCIPAL)', 62, 305, '2019-10-09 21:49:17', '2019-10-09 21:49:17'),
(709, 'POLICARPA FERNANDEZ (SEDE PRINCIPAL)', 62, 306, '2019-10-09 21:49:17', '2019-10-09 21:49:17'),
(710, 'LA PALOMERA (SEDE PRINCIPAL)', 62, 307, '2019-10-09 21:49:17', '2019-10-09 21:49:17'),
(711, 'EL PALMAR (SEDE PRINCIPAL)', 62, 308, '2019-10-09 21:49:18', '2019-10-09 21:49:18'),
(712, 'BAJO SAN FRANCISCO (SEDE PRINCIPAL)', 62, 310, '2019-10-09 21:49:18', '2019-10-09 21:49:18'),
(713, 'LICEO LIMBANIA VELASCO (SEDE PRINCIPAL)', 62, 313, '2019-10-09 21:49:18', '2019-10-09 21:49:18'),
(714, 'ANA JOSEFA MORALES DUQUE (SEDE PRINCIPAL)', 62, 314, '2019-10-09 21:49:18', '2019-10-09 21:49:18'),
(715, 'CAUCA (SEDE PRINCIPAL)', 62, 315, '2019-10-09 21:49:19', '2019-10-09 21:49:19'),
(716, 'INSTITUTO TECNICO DE SANTANDER DE QUILICHAO (SEDE PRINCIPAL)', 62, 316, '2019-10-09 21:49:19', '2019-10-09 21:49:19'),
(717, 'FERNANDEZ GUERRA (SEDE PRINCIPAL)', 62, 317, '2019-10-09 21:49:19', '2019-10-09 21:49:19'),
(718, 'MARINA BELTRAN DE USENDA (SEDE PRINCIPAL)', 63, 318, '2019-10-09 21:49:19', '2019-10-09 21:49:19'),
(719, 'EZEQUIEL HURTADO (SEDE PRINCIPAL)', 63, 320, '2019-10-09 21:49:20', '2019-10-09 21:49:20'),
(720, 'NUESTRA SENORA DEL PERPETUO SOCORRO (SEDE PRINCIPAL)', 63, 321, '2019-10-09 21:49:20', '2019-10-09 21:49:20'),
(721, 'PIEDRA DE LEON (SEDE PRINCIPAL)', 64, 322, '2019-10-09 21:49:20', '2019-10-09 21:49:20'),
(722, 'LOS ROBLES (SEDE PRINCIPAL)', 64, 323, '2019-10-09 21:49:20', '2019-10-09 21:49:20'),
(723, 'EL CRUCERO (SEDE PRINCIPAL)', 64, 324, '2019-10-09 21:49:20', '2019-10-09 21:49:20'),
(724, 'CHAPA (SEDE PRINCIPAL)', 64, 325, '2019-10-09 21:49:20', '2019-10-09 21:49:20'),
(725, 'SOTARA (SEDE PRINCIPAL)', 64, 326, '2019-10-09 21:49:21', '2019-10-09 21:49:21'),
(726, 'SANTA ROSA DE LIMA (SEDE PRINCIPAL)', 65, 327, '2019-10-09 21:49:21', '2019-10-09 21:49:21'),
(727, 'ASNAZU (SEDE PRINCIPAL)', 65, 329, '2019-10-09 21:49:21', '2019-10-09 21:49:21'),
(728, 'MINDALA (SEDE PRINCIPAL)', 65, 330, '2019-10-09 21:49:21', '2019-10-09 21:49:21'),
(729, 'SANTA MARTA (SEDE PRINCIPAL)', 65, 331, '2019-10-09 21:49:21', '2019-10-09 21:49:21'),
(730, 'MARI LOPEZ BELLAVISTA (SEDE PRINCIPAL)', 65, 332, '2019-10-09 21:49:21', '2019-10-09 21:49:21'),
(731, 'SUAREZ (SEDE PRINCIPAL)', 65, 333, '2019-10-09 21:49:22', '2019-10-09 21:49:22'),
(732, 'MARISCAL SUCRE (SEDE PRINCIPAL)', 66, 334, '2019-10-09 21:49:22', '2019-10-09 21:49:22'),
(733, 'SANTA MARIA (SEDE PRINCIPAL)', 68, 344, '2019-10-09 21:49:22', '2019-10-09 21:49:23'),
(734, 'EL BOQUERON (SEDE PRINCIPAL)', 67, 336, '2019-10-09 21:49:22', '2019-10-09 21:49:22'),
(735, 'PROMOCION SOCIAL (SEDE PRINCIPAL)', 67, 337, '2019-10-09 21:49:22', '2019-10-09 21:49:22'),
(736, 'CINCO DIAS (SEDE PRINCIPAL)', 67, 339, '2019-10-09 21:49:23', '2019-10-09 21:49:23'),
(737, 'CARLOS ALBAN (SEDE PRINCIPAL)', 67, 340, '2019-10-09 21:49:23', '2019-10-09 21:49:23'),
(738, 'GUILLERMO VALENCIA (SEDE PRINCIPAL)', 67, 341, '2019-10-09 21:49:23', '2019-10-09 21:49:23'),
(739, 'SAN ANTONIO DE PADUA (SEDE PRINCIPAL)', 67, 342, '2019-10-09 21:49:23', '2019-10-09 21:49:23'),
(740, 'SANTA ROSA (SEDE PRINCIPAL)', 68, 343, '2019-10-09 21:49:23', '2019-10-09 21:49:23'),
(741, 'SAN BERNARDO (SEDE PRINCIPAL)', 68, 345, '2019-10-09 21:49:23', '2019-10-09 21:49:23'),
(742, 'JUSTINIANO OCORO (SEDE PRINCIPAL)', 68, 347, '2019-10-09 21:49:24', '2019-10-09 21:49:24'),
(743, 'SANTA CLARA DE ASIS (SEDE PRINCIPAL)', 68, 348, '2019-10-09 21:49:24', '2019-10-09 21:49:24'),
(744, 'VICTOR MANUEL CHAUX VILLAMIL (SEDE PRINCIPAL)', 69, 349, '2019-10-09 21:49:24', '2019-10-09 21:49:24'),
(745, 'INSTITUTO AGROPECUARIO MANUEL JOSE MOSQUERA VIDAL', 69, 350, '2019-10-09 21:49:25', '2019-10-09 21:49:25'),
(746, 'CENTRO DOCENTE RURAL MIXTO NOVIRAO', 69, 351, '2019-10-09 21:49:25', '2019-10-09 21:49:25'),
(747, 'SENON FABIO VILLEGAS (SEDE PRINCIPAL)', 70, 353, '2019-10-09 21:49:26', '2019-10-09 21:49:26'),
(748, 'JUAN IGNACIO (SEDE PRINCIPAL)', 70, 354, '2019-10-09 21:49:26', '2019-10-09 21:49:26'),
(749, 'LA PRIMAVERA (SEDE PRINCIPAL)', 70, 355, '2019-10-09 21:49:26', '2019-10-09 21:49:26'),
(750, 'LLACUANAS BAJO', 35, 134, '2019-10-09 21:49:26', '2019-10-09 21:49:26'),
(751, 'COLEGIO SANTA MARIA DE CAQUIONA', 35, 356, '2019-10-09 21:49:26', '2019-10-09 21:49:26'),
(752, 'TARABITA (SEDE PRINCIPAL)', 35, 357, '2019-10-09 21:49:26', '2019-10-09 21:49:26'),
(753, 'PAMBILAL (SEDE PRINCIPAL)', 4, 358, '2019-10-09 21:49:26', '2019-10-09 21:49:26'),
(754, 'BOTAFOGO (SEDE PRINCIPAL)', 4, 359, '2019-10-09 21:49:26', '2019-10-09 21:49:26'),
(755, 'EL DIVISO- SEDE PRINCIPAL (SEDE PRINCIPAL)', 4, 360, '2019-10-09 21:49:27', '2019-10-09 21:49:27'),
(756, 'DE NINAS ARGELIA', 4, 142, '2019-10-09 21:49:27', '2019-10-09 21:49:27'),
(757, 'INSTITUCION EDUCATIVA PURETO (SEDE PRINCIPAL)', 36, 361, '2019-10-09 21:49:27', '2019-10-09 21:49:27'),
(758, 'LA LOMITA (SEDE PRINCIPAL)', 36, 362, '2019-10-09 21:49:27', '2019-10-09 21:49:27'),
(759, 'LA BERMEJA (SEDE PRINCIPAL)', 36, 363, '2019-10-09 21:49:27', '2019-10-09 21:49:27'),
(760, 'EL VIJAL', 36, 145, '2019-10-09 21:49:27', '2019-10-09 21:49:27'),
(761, 'NIÑAS BALBOA', 36, 146, '2019-10-09 21:49:27', '2019-10-09 21:49:27'),
(762, 'VARONES BALBOA', 36, 146, '2019-10-09 21:49:28', '2019-10-09 21:49:28'),
(763, 'LA PARADA', 5, 150, '2019-10-09 21:49:28', '2019-10-09 21:49:28'),
(764, 'COLEGIO DEPARTAMENTAL NUESTRA SENORA DE LOS REMEDIOS', 5, 364, '2019-10-09 21:49:28', '2019-10-09 21:49:28'),
(765, 'VARONES SAN LORENZO', 5, 151, '2019-10-09 21:49:28', '2019-10-09 21:49:28'),
(766, 'MAZAMORRAS', 5, 365, '2019-10-09 21:49:28', '2019-10-09 21:49:28'),
(767, 'YUNGUILLAS (SEDE PRINCIPAL)', 5, 366, '2019-10-09 21:49:28', '2019-10-09 21:49:28'),
(768, 'FELIPE CASTRO', 5, 157, '2019-10-09 21:49:28', '2019-10-09 21:49:28'),
(769, 'ESCUELA RURAL MIXTA SINAI - SEDE PRINCIPAL', 37, 367, '2019-10-09 21:49:28', '2019-10-09 21:49:28'),
(770, 'ESCUELA RURAL MIXTA RIO MINA', 37, 367, '2019-10-09 21:49:28', '2019-10-09 21:49:28'),
(771, 'COLEGIO AGROPECUARIO CERRO CATALINA', 37, 368, '2019-10-09 21:49:28', '2019-10-09 21:49:28'),
(772, 'ESCUELA RURAL MIXTA NUEVA GRANADA', 37, 368, '2019-10-09 21:49:28', '2019-10-09 21:49:28'),
(773, 'TIMBA (SEDE PRINCIPAL)', 37, 369, '2019-10-09 21:49:29', '2019-10-09 21:49:29'),
(774, 'TIMBA', 37, 369, '2019-10-09 21:49:29', '2019-10-09 21:49:29'),
(775, 'HONDURAS', 37, 160, '2019-10-09 21:49:29', '2019-10-09 21:49:29'),
(776, 'EL SILENCIO', 37, 161, '2019-10-09 21:49:29', '2019-10-09 21:49:29'),
(777, 'LA BALSA', 37, 162, '2019-10-09 21:49:29', '2019-10-09 21:49:29'),
(778, 'MUNCHIQUE (SEDE PRINCIPAL)', 37, 370, '2019-10-09 21:49:29', '2019-10-09 21:49:29'),
(779, 'ESCUELA RURAL MIXTA LAS DELICIAS', 37, 371, '2019-10-09 21:49:29', '2019-10-09 21:49:29'),
(780, 'PISAPASITO (SEDE PRINCIPAL)', 37, 372, '2019-10-09 21:49:29', '2019-10-09 21:49:29'),
(781, 'LA UNION - LLANITO (SEDE PRINCIPAL)', 37, 373, '2019-10-09 21:49:29', '2019-10-09 21:49:29'),
(782, 'LA ESPERANZA (SEDE PRINCIPAL)', 37, 374, '2019-10-09 21:49:29', '2019-10-09 21:49:29'),
(783, 'E.R.M. EL CERAL - SEDE PRINCIPAL', 37, 375, '2019-10-09 21:49:30', '2019-10-09 21:49:30'),
(784, 'ESCUELA RURAL MIXTA AGUA CLARA', 37, 376, '2019-10-09 21:49:30', '2019-10-09 21:49:30'),
(785, 'ESCUELA RURAL MIXTA DOS RIOS', 37, 376, '2019-10-09 21:49:30', '2019-10-09 21:49:30'),
(786, 'CASCAJERO (SEDE PRINCIPAL)', 37, 377, '2019-10-09 21:49:30', '2019-10-09 21:49:30'),
(787, 'GABRIEL MANRIQUE', 37, 164, '2019-10-09 21:49:30', '2019-10-09 21:49:30'),
(788, 'CONCEPCION DE PALACIOS Y SOJO', 37, 164, '2019-10-09 21:49:30', '2019-10-09 21:49:30'),
(789, 'TROPICAL TUMACO', 38, 165, '2019-10-09 21:49:30', '2019-10-09 21:49:30'),
(790, 'EL ROSARIO', 38, 165, '2019-10-09 21:49:30', '2019-10-09 21:49:30'),
(791, 'SAN LORENZO', 38, 165, '2019-10-09 21:49:30', '2019-10-09 21:49:30'),
(792, 'LA PEDREGOSA', 38, 166, '2019-10-09 21:49:30', '2019-10-09 21:49:30'),
(793, 'EL CARMELO', 38, 167, '2019-10-09 21:49:31', '2019-10-09 21:49:31'),
(794, 'RECUERDO BAJO (SEDE PRINCIPAL)', 38, 378, '2019-10-09 21:49:31', '2019-10-09 21:49:31'),
(795, 'ORTEGA (SEDE PRINCIPAL)', 38, 379, '2019-10-09 21:49:31', '2019-10-09 21:49:31'),
(796, 'LA SELVA (SEDE PRINCIPAL)', 38, 380, '2019-10-09 21:49:31', '2019-10-09 21:49:31'),
(797, 'LA LAGUNA DINDE (SEDE PRINCIPAL)', 38, 381, '2019-10-09 21:49:31', '2019-10-09 21:49:31'),
(798, 'LA BUITRERA', 38, 174, '2019-10-09 21:49:31', '2019-10-09 21:49:31'),
(799, 'LA VIUDA (SEDE PRINCIPAL)', 38, 382, '2019-10-09 21:49:31', '2019-10-09 21:49:31'),
(800, 'BUENAVISTA (SEDE PRINCIPAL)', 38, 383, '2019-10-09 21:49:31', '2019-10-09 21:49:31'),
(801, 'DE VARONES CAJIBIO', 38, 175, '2019-10-09 21:49:32', '2019-10-09 21:49:32'),
(802, 'DE NINAS CAJIBIO', 38, 175, '2019-10-09 21:49:32', '2019-10-09 21:49:32'),
(803, 'CERRO ALTO (SEDE PRINCIPAL)', 39, 384, '2019-10-09 21:49:32', '2019-10-09 21:49:32'),
(804, 'CERRO ALTO', 39, 384, '2019-10-09 21:49:32', '2019-10-09 21:49:32'),
(805, 'VARONES DE SIBERIA', 39, 176, '2019-10-09 21:49:32', '2019-10-09 21:49:32'),
(806, 'NINAS DE SIBERIA', 39, 176, '2019-10-09 21:49:32', '2019-10-09 21:49:32'),
(807, 'PESCADOR', 39, 177, '2019-10-09 21:49:32', '2019-10-09 21:49:32'),
(808, 'LOS QUINGOS', 39, 385, '2019-10-09 21:49:32', '2019-10-09 21:49:32'),
(809, 'NUESTRA SEÑORA DEL ROSARIO - PESCADOR (SEDE PRINCIPAL)', 39, 386, '2019-10-09 21:49:32', '2019-10-09 21:49:32'),
(810, 'EL PITAL (SEDE PRINCIPAL)', 39, 387, '2019-10-09 21:49:33', '2019-10-09 21:49:33'),
(811, 'VARONES', 39, 180, '2019-10-09 21:49:33', '2019-10-09 21:49:33'),
(812, 'CENTRO DOCENTE EL AZUL', 39, 388, '2019-10-09 21:49:33', '2019-10-09 21:49:33'),
(813, 'CENTRO DE FORMACION INTEGRAL COMUNITARIA KWE SX UMA KIWE - CEFIC', 39, 388, '2019-10-09 21:49:33', '2019-10-09 21:49:33'),
(814, 'CENTRO DOCENTE RURAL MIXTO SAN JOSE DE LOS MONOS', 39, 388, '2019-10-09 21:49:33', '2019-10-09 21:49:33'),
(815, 'INSTITUTO AGRICOLA ALVARO ULCUE CHOCUE', 39, 388, '2019-10-09 21:49:33', '2019-10-09 21:49:33'),
(816, 'CENTRO DOCENTE VILLA RICA', 39, 388, '2019-10-09 21:49:33', '2019-10-09 21:49:33'),
(817, 'CENTRO DOCENTE LAS DELICIAS CALDONO', 39, 388, '2019-10-09 21:49:33', '2019-10-09 21:49:33'),
(818, 'CENTRO DOCENTE RURAL MIXTO SAN ANTONIO', 39, 388, '2019-10-09 21:49:33', '2019-10-09 21:49:33'),
(819, 'CENTRO DOCENTE MIXTO EL CAIMITO', 39, 388, '2019-10-09 21:49:33', '2019-10-09 21:49:33'),
(820, 'CENTRO DOCENTE RURAL MIXTO LA AGUADA', 39, 388, '2019-10-09 21:49:33', '2019-10-09 21:49:33'),
(821, 'CENTRO DOCENTE RURAL MIXTO EL GUAICO ALIZAL SIBERIA', 39, 388, '2019-10-09 21:49:33', '2019-10-09 21:49:33'),
(822, 'CENTRO DOCENTE RURAL MIXTO EL CIDRAL', 39, 388, '2019-10-09 21:49:33', '2019-10-09 21:49:33'),
(823, 'CENTRO REAL LA ESMERALDA', 39, 388, '2019-10-09 21:49:34', '2019-10-09 21:49:34'),
(824, 'CENTRO DOCENTE RURAL MIXTO EL TARSO', 39, 388, '2019-10-09 21:49:34', '2019-10-09 21:49:34'),
(825, 'CENTRO DOCENTE BETANIA', 39, 388, '2019-10-09 21:49:34', '2019-10-09 21:49:34'),
(826, 'CENTRO DOCENTE MIXTO LAS MERCEDES', 39, 388, '2019-10-09 21:49:34', '2019-10-09 21:49:34'),
(827, 'INSTITUTO TÉCNICO AGROPECUARIO NASA WESX KIWE DE GRANADILLO', 39, 388, '2019-10-09 21:49:34', '2019-10-09 21:49:34'),
(828, 'ESCUELA RURAL MIXTA LA PALMA - CALDONO', 39, 388, '2019-10-09 21:49:34', '2019-10-09 21:49:34'),
(829, 'I.T.A. KWE´SX FXI´ZENXI KIWE ANDALUCIA', 39, 388, '2019-10-09 21:49:34', '2019-10-09 21:49:34'),
(830, 'CENTRO DOCENTE RURAL MIXTO GUALO', 39, 388, '2019-10-09 21:49:34', '2019-10-09 21:49:34'),
(831, 'ESCUELA RURAL MIXTA DE FILIPINAS', 39, 388, '2019-10-09 21:49:34', '2019-10-09 21:49:34'),
(832, 'ESCUELA RURAL MIXTA EL RINCON', 39, 388, '2019-10-09 21:49:34', '2019-10-09 21:49:34'),
(833, 'INSTITUTO EDUCATIVO TÉCNICO AGRÍCOLA KWESX DXIJ PLAN DE ZÚÑIGA', 39, 388, '2019-10-09 21:49:34', '2019-10-09 21:49:34'),
(834, 'CENTRO DOCENTE RURAL MIXTO PUEBLO NUEVO', 39, 388, '2019-10-09 21:49:34', '2019-10-09 21:49:34'),
(835, 'CENTRO DOCENTE RURAL MIXTO VEINTE DE JULIO', 39, 388, '2019-10-09 21:49:34', '2019-10-09 21:49:34'),
(836, 'CENTRO DOCENTE RURAL MIXTA SANTA ELENA', 39, 388, '2019-10-09 21:49:34', '2019-10-09 21:49:34'),
(837, 'CENTRO DE FORMACION AGROAMBIENTAL - KIWE ÇEHK FXI´ZE WA´ -EL PORVENIR CALDONO- CEFAKIÇ', 39, 388, '2019-10-09 21:49:34', '2019-10-09 21:49:34'),
(838, 'CENTRO DE FORMACIÓN INTEGRAL COMUNITARIO HOGARES CALDONO - CEFIC', 39, 388, '2019-10-09 21:49:35', '2019-10-09 21:49:35'),
(839, 'CENTRO DOCENTE URBANO MIXTO MADRE LAURA', 39, 388, '2019-10-09 21:49:35', '2019-10-09 21:49:35'),
(840, 'I.E. ETNOEDUCATIVO DE TOEZ - SEDE PRINCIPAL', 40, 389, '2019-10-09 21:49:35', '2019-10-09 21:49:35'),
(841, 'CENTRO DOCENTE RURAL MIXTO EL GUABITO', 40, 390, '2019-10-09 21:49:35', '2019-10-09 21:49:35'),
(842, 'I.E. BILINGUE DXI PADEN - SEDE PRINCIPAL', 40, 390, '2019-10-09 21:49:35', '2019-10-09 21:49:35'),
(843, 'C.E.R.M LA HUELLA', 40, 391, '2019-10-09 21:49:35', '2019-10-09 21:49:35'),
(844, 'CENTRO DOCENTE RURAL MIXTO LA PALOMERA - SEDE PRINCIPAL', 40, 392, '2019-10-09 21:49:35', '2019-10-09 21:49:35'),
(845, 'CENTRO DOCENTE RURAL LA ESTRELLA', 40, 392, '2019-10-09 21:49:35', '2019-10-09 21:49:35'),
(846, 'CENTRO DOCENTE RURAL MIXTO NAPOLES', 40, 393, '2019-10-09 21:49:36', '2019-10-09 21:49:36'),
(847, 'INST ETNOEDUCATIVA TÉCNICA AGROAMBIENTAL EL CAMPO ALEGRE ANTES (C.E.R.M. CAMPO ALEGRE)', 40, 393, '2019-10-09 21:49:36', '2019-10-09 21:49:36'),
(848, 'CENTRO DOCENTE RURAL MIXTO EL PAJARITO', 40, 394, '2019-10-09 21:49:36', '2019-10-09 21:49:36'),
(849, 'I.E.A. ETNOEDUCATIVA EL CREDO ANTES (C.E.R.M. EL CREDO)', 40, 394, '2019-10-09 21:49:36', '2019-10-09 21:49:36'),
(850, 'EL PEDREGAL', 46, 228, '2019-10-09 21:49:36', '2019-10-09 21:49:43'),
(851, 'SAN NICOLAS', 40, 186, '2019-10-09 21:49:36', '2019-10-09 21:49:36'),
(852, 'OSCAR PINO ESPINAL', 40, 186, '2019-10-09 21:49:36', '2019-10-09 21:49:36'),
(853, 'INSTITUTO AGRICOLA CARMENCITA CARDONA DE GUTIERREZ', 41, 395, '2019-10-09 21:49:36', '2019-10-09 21:49:36'),
(854, 'ESCUELA RURAL MIXTA CHICHARRONAL', 41, 395, '2019-10-09 21:49:37', '2019-10-09 21:49:37'),
(855, 'CENTRO DOCENTE JUSTINIANO HURTADO LOPEZ', 41, 395, '2019-10-09 21:49:37', '2019-10-09 21:49:37'),
(856, 'ESCUELA RURAL MIXTA MEDIANARANJA', 41, 395, '2019-10-09 21:49:37', '2019-10-09 21:49:37'),
(857, 'CENTRO DOCENTE RURAL MIXTO LUIS ROSENDO LOPEZ', 41, 395, '2019-10-09 21:49:37', '2019-10-09 21:49:37'),
(858, 'COLEGIO RURAL AGROPECUARIO CARRIZALES (E.R.M. CARRIZALES)', 41, 396, '2019-10-09 21:49:37', '2019-10-09 21:49:37'),
(859, 'EL DESCANSO', 41, 188, '2019-10-09 21:49:37', '2019-10-09 21:49:37'),
(860, 'LA COLOMBIANA', 41, 189, '2019-10-09 21:49:37', '2019-10-09 21:49:37'),
(861, 'DE NIÑAS POLICARPA SALAVARRIETA #1', 41, 189, '2019-10-09 21:49:37', '2019-10-09 21:49:37'),
(862, 'ADOLFO LEON QUINTANA', 41, 190, '2019-10-09 21:49:37', '2019-10-09 21:49:37'),
(863, 'EL JARDIN', 41, 191, '2019-10-09 21:49:37', '2019-10-09 21:49:37'),
(864, 'BELEN (SEDE PRINCIPAL)', 42, 397, '2019-10-09 21:49:37', '2019-10-09 21:49:37'),
(865, 'CERRITO (SEDE PRINCIPAL)', 42, 398, '2019-10-09 21:49:38', '2019-10-09 21:49:38'),
(866, 'EL ROSAL(SEDE PRINCIPAL)', 42, 399, '2019-10-09 21:49:38', '2019-10-09 21:49:38'),
(867, 'EL RECUERDO (SEDE PRINCIPAL)', 42, 400, '2019-10-09 21:49:38', '2019-10-09 21:49:38'),
(868, 'SAN JUAN DE MICAY', 42, 401, '2019-10-09 21:49:38', '2019-10-09 21:49:38'),
(869, 'EL CIRUELAL', 42, 402, '2019-10-09 21:49:38', '2019-10-09 21:49:38'),
(870, 'LOS ANDES (SEDE PRINCIPAL)', 42, 403, '2019-10-09 21:49:38', '2019-10-09 21:49:38'),
(871, 'LAS PIEDRAS (SEDE PRINCIPAL)', 42, 404, '2019-10-09 21:49:38', '2019-10-09 21:49:38'),
(872, 'PANDIGUANDO (SEDE PRINCIPAL)', 42, 405, '2019-10-09 21:49:38', '2019-10-09 21:49:38'),
(873, 'PLAYA RICA (SEDE PRINCIPAL)', 42, 406, '2019-10-09 21:49:39', '2019-10-09 21:49:39'),
(874, 'INSTITUCION EDUCATIVA LA ALIANZA (SEDE PRINCIPAL)', 42, 407, '2019-10-09 21:49:39', '2019-10-09 21:49:39'),
(875, 'I.E. AGROPECUARIA ALTO DEL REY - SEDE PRINCIPAL', 42, 408, '2019-10-09 21:49:39', '2019-10-09 21:49:39'),
(876, 'EL ZARZAL (SEDE PRINCIPAL)', 42, 409, '2019-10-09 21:49:39', '2019-10-09 21:49:39'),
(877, 'JUNTAS HUISITO', 42, 410, '2019-10-09 21:49:39', '2019-10-09 21:49:39'),
(878, 'HUISITO (SEDE PRINCIPAL)', 42, 410, '2019-10-09 21:49:39', '2019-10-09 21:49:39'),
(879, 'EL CRUCERO', 42, 205, '2019-10-09 21:49:39', '2019-10-09 21:49:39'),
(880, 'FLORENCIA', 43, 208, '2019-10-09 21:49:39', '2019-10-09 21:49:39'),
(881, 'MARSELLA (SEDE PRINCIPAL)', 43, 411, '2019-10-09 21:49:40', '2019-10-09 21:49:40'),
(882, 'EL GUABAL', 44, 210, '2019-10-09 21:49:40', '2019-10-09 21:49:40'),
(883, 'MARIA AUXILIADORA (NINAS GUACHENE)', 44, 210, '2019-10-09 21:49:40', '2019-10-09 21:49:40'),
(884, 'CENTRO DOCENTE RURAL MIXTO SABANETAS', 44, 210, '2019-10-09 21:49:40', '2019-10-09 21:49:40'),
(885, 'INSTITUCION EDUCATIVA SAN JACINTO (SEDE PRINCIPAL)', 44, 412, '2019-10-09 21:49:40', '2019-10-09 21:49:40'),
(886, 'CABITO', 44, 211, '2019-10-09 21:49:40', '2019-10-09 21:49:40'),
(887, 'MINGO', 44, 211, '2019-10-09 21:49:40', '2019-10-09 21:49:40'),
(888, 'LA CAPONERA', 44, 211, '2019-10-09 21:49:40', '2019-10-09 21:49:40'),
(889, 'LAS VERANERAS', 44, 213, '2019-10-09 21:49:40', '2019-10-09 21:49:40'),
(890, 'LLANO TAULA', 44, 213, '2019-10-09 21:49:40', '2019-10-09 21:49:40'),
(891, 'PUERTO CALI', 45, 214, '2019-10-09 21:49:40', '2019-10-09 21:49:40'),
(892, 'EL PUEBLITO', 45, 214, '2019-10-09 21:49:41', '2019-10-09 21:49:41'),
(893, 'VENECIA', 45, 214, '2019-10-09 21:49:41', '2019-10-09 21:49:41'),
(894, 'CONCEPCION DE GUAJUI', 45, 215, '2019-10-09 21:49:41', '2019-10-09 21:49:41'),
(895, 'SAN JOSE DE GUARE (SEDE PRINCIPAL)', 45, 413, '2019-10-09 21:49:41', '2019-10-09 21:49:41'),
(896, 'EL GUAYACAN', 45, 216, '2019-10-09 21:49:41', '2019-10-09 21:49:41'),
(897, 'LIMONES SAGRADO CORAZON', 45, 216, '2019-10-09 21:49:41', '2019-10-09 21:49:41'),
(898, 'JOANICO', 45, 216, '2019-10-09 21:49:41', '2019-10-09 21:49:41'),
(899, 'QUIROGA', 45, 216, '2019-10-09 21:49:41', '2019-10-09 21:49:41'),
(900, 'EL CARMELO (SEDE PRINCIPAL)', 45, 414, '2019-10-09 21:49:41', '2019-10-09 21:49:41'),
(901, 'LEVANTE EN MARCHA (SEDE PRINCIPAL)', 45, 415, '2019-10-09 21:49:42', '2019-10-09 21:49:42'),
(902, 'TEMUEY', 45, 415, '2019-10-09 21:49:42', '2019-10-09 21:49:42'),
(903, 'SOLEDAD', 45, 217, '2019-10-09 21:49:42', '2019-10-09 21:49:42'),
(904, 'NUEVA BELEN NAPI', 45, 217, '2019-10-09 21:49:42', '2019-10-09 21:49:42'),
(905, 'SANTA GERTRUDIS', 45, 218, '2019-10-09 21:49:42', '2019-10-09 21:49:42'),
(906, 'CAIMITO', 45, 416, '2019-10-09 21:49:42', '2019-10-09 21:49:42'),
(907, 'CASCAJERO', 45, 417, '2019-10-09 21:49:42', '2019-10-09 21:49:42'),
(908, 'HOJARASCAL', 45, 418, '2019-10-09 21:49:42', '2019-10-09 21:49:42'),
(909, 'I.E. AGROPECUARIA KPI SX ZUN CALDERAS - CALDERAS - SEDE PRINCIPAL', 46, 419, '2019-10-09 21:49:42', '2019-10-09 21:49:42'),
(910, 'EL PALMICHAL', 46, 222, '2019-10-09 21:49:43', '2019-10-09 21:49:43'),
(911, 'INSTITUTO TECNICO AGROPECUARIO  JIISA YAT', 46, 420, '2019-10-09 21:49:43', '2019-10-09 21:49:43'),
(912, 'COLEGIO TÉCNICO AGROINDUSTRIAL ÁNGEL MARÍA LIZ', 46, 420, '2019-10-09 21:49:43', '2019-10-09 21:49:43'),
(913, 'ESCUELA RURAL MIXTA TUMBICHUCUE', 46, 421, '2019-10-09 21:49:43', '2019-10-09 21:49:43'),
(914, 'NUCLEO ESCOLAR INZA', 46, 224, '2019-10-09 21:49:43', '2019-10-09 21:49:43'),
(915, 'YU¿ KWET ZUUN', 46, 422, '2019-10-09 21:49:43', '2019-10-09 21:49:43'),
(916, 'ESCUELA RURAL MIXTA EL MESON', 46, 422, '2019-10-09 21:49:43', '2019-10-09 21:49:43'),
(917, 'SAN ANDRES', 46, 226, '2019-10-09 21:49:43', '2019-10-09 21:49:43'),
(918, 'TURMINA', 46, 227, '2019-10-09 21:49:43', '2019-10-09 21:49:43'),
(919, 'E.R.M. EL LAGO - SEDE PRINCIPAL', 46, 423, '2019-10-09 21:49:44', '2019-10-09 21:49:44'),
(920, 'SANTA TERESITA DEL NIÑO JESUS (SEDE PRINCIPAL)', 46, 424, '2019-10-09 21:49:44', '2019-10-09 21:49:44'),
(921, 'ESCUELA RURAL MIXTA YAQUIVA', 46, 425, '2019-10-09 21:49:44', '2019-10-09 21:49:44'),
(922, 'ESCUELA RURAL MIXTA LA MILAGROSA', 46, 425, '2019-10-09 21:49:44', '2019-10-09 21:49:44'),
(923, 'ESCUELA RURAL MIXTA LOS NARANJOS DEL CABUYO', 46, 425, '2019-10-09 21:49:44', '2019-10-09 21:49:44'),
(924, 'LA PALMERA (SEDE PRINCIPAL)', 46, 426, '2019-10-09 21:49:44', '2019-10-09 21:49:44'),
(925, 'ESCUELA RURAL MIXTA LA MARQUEZA', 71, 427, '2019-10-09 21:49:45', '2019-10-09 21:49:45'),
(926, 'KWE´SE PIYA YAT (NUESTROS SITIOS DE APRENDIZAJE) - SEDE PRINCIPAL', 71, 427, '2019-10-09 21:49:45', '2019-10-09 21:49:45'),
(927, 'CENTRO DOCENTE GUAYOPE', 71, 427, '2019-10-09 21:49:45', '2019-10-09 21:49:45'),
(928, 'CENTRO DOCENTE RURAL MIXTO EL TRAPICHE LA MARIA', 71, 427, '2019-10-09 21:49:45', '2019-10-09 21:49:45'),
(929, 'CENTRO DOCENTE RURAL MIXTA EL TABLON', 71, 427, '2019-10-09 21:49:45', '2019-10-09 21:49:45'),
(930, 'CENTRO DOCENTE RURAL MIXTO BARONDILLO', 71, 427, '2019-10-09 21:49:45', '2019-10-09 21:49:45'),
(931, 'CENTRO DOCENTE RURAL MIXTA ULLUCOS', 71, 427, '2019-10-09 21:49:45', '2019-10-09 21:49:45'),
(932, 'CENTRO DOCENTE RURAL MIXTO LA MINA', 71, 427, '2019-10-09 21:49:45', '2019-10-09 21:49:45'),
(933, 'ESCUELA RURAL MIXTA VITOYO', 71, 428, '2019-10-09 21:49:45', '2019-10-09 21:49:45'),
(934, 'CENT DE FORM INTEGRAL MARDEN ARNULFO BETANCUR ( ANT SIGLO21)', 71, 428, '2019-10-09 21:49:45', '2019-10-09 21:49:45'),
(935, 'CENTRO DOCENTE RURAL MIXTO LOMA GRUESA', 71, 428, '2019-10-09 21:49:45', '2019-10-09 21:49:45'),
(936, 'CENTRO DOCENTE RURAL MIXTO CHIMICUETO', 71, 429, '2019-10-09 21:49:46', '2019-10-09 21:49:46'),
(937, 'CENTRO DOCENTE ZUMBICO', 71, 430, '2019-10-09 21:49:46', '2019-10-09 21:49:46'),
(938, 'CENTRO DOCENTE RURAL MIXTO PALETON', 71, 431, '2019-10-09 21:49:46', '2019-10-09 21:49:46'),
(939, 'ESCUELA RURAL MIXTA LA ESPERANZA', 71, 432, '2019-10-09 21:49:46', '2019-10-09 21:49:46'),
(940, 'I.E. BACHILLERATO TECNICO AGRICOLA DE JAMBALO', 71, 433, '2019-10-09 21:49:46', '2019-10-09 21:49:46'),
(941, 'CENTRO DOCENTE URBANO MIXTO JAMBALO', 71, 433, '2019-10-09 21:49:46', '2019-10-09 21:49:46'),
(942, 'EL PORVENIR (SEDE PRINCIPAL)', 47, 434, '2019-10-09 21:49:46', '2019-10-09 21:49:46'),
(943, 'FRONTINO ALTO (SEDE PRINCIPAL)', 47, 435, '2019-10-09 21:49:46', '2019-10-09 21:49:46'),
(944, 'ESCUELA RURAL MIXTA LOS ROBLES', 47, 436, '2019-10-09 21:49:47', '2019-10-09 21:49:47'),
(945, 'COLEGIO AGROPECUARIO YANACONAS', 48, 437, '2019-10-09 21:49:47', '2019-10-09 21:49:47'),
(946, 'ESCUELA RURAL MIXTA SANTA BARBARA', 48, 438, '2019-10-09 21:49:47', '2019-10-09 21:49:47'),
(947, 'CENTRO DOCENTE BARBILLAS', 48, 439, '2019-10-09 21:49:47', '2019-10-09 21:49:47'),
(948, 'LA MARQUEZA', 48, 237, '2019-10-09 21:49:47', '2019-10-09 21:49:47'),
(949, 'COL NTA SEÑORA DE LA CANDELARIA (ANTES ESC RUR MIX PANCITARA)', 48, 440, '2019-10-09 21:49:47', '2019-10-09 21:49:47'),
(950, 'SAN ANTONIO DE GURUMENDI', 49, 242, '2019-10-09 21:49:47', '2019-10-09 21:49:47'),
(951, 'YULLAL JOLI', 49, 242, '2019-10-09 21:49:47', '2019-10-09 21:49:47'),
(952, 'SANTA INES DE ASIS', 49, 242, '2019-10-09 21:49:47', '2019-10-09 21:49:47'),
(953, 'NOANAMITO (SEDE PRINCIPAL)', 49, 441, '2019-10-09 21:49:48', '2019-10-09 21:49:48'),
(954, 'SAN JOSE DEL CHIGUERO', 49, 441, '2019-10-09 21:49:48', '2019-10-09 21:49:48'),
(955, 'GUAYABAL', 49, 441, '2019-10-09 21:49:48', '2019-10-09 21:49:48'),
(956, 'CABECITAS DE MICAY', 49, 244, '2019-10-09 21:49:48', '2019-10-09 21:49:48'),
(957, 'LANA CHUARE', 49, 244, '2019-10-09 21:49:48', '2019-10-09 21:49:48'),
(958, 'ESCUELA INDIGENA GUADUALITO', 49, 442, '2019-10-09 21:49:48', '2019-10-09 21:49:48'),
(959, 'ESCUELA INDIGENA JUAN COBO (E.IND.SAN MARTIN)', 49, 442, '2019-10-09 21:49:48', '2019-10-09 21:49:48'),
(960, 'I.E.A. MAXIMINO GARABATO ANTES (I.E. INDÍGENA MAXIMINO GARABATO) - SEDE PRINCIPAL', 49, 442, '2019-10-09 21:49:48', '2019-10-09 21:49:48'),
(961, 'CACAHUAL (SEDE PRINCIPAL)', 49, 443, '2019-10-09 21:49:48', '2019-10-09 21:49:48'),
(962, 'INSTITUCION EDUCTIVA AGUA CLARA GOLONDRO (SEDE PRINCIPAL)', 49, 444, '2019-10-09 21:49:49', '2019-10-09 21:49:49'),
(963, 'SAN FRANCISCO ADENTRO', 49, 444, '2019-10-09 21:49:49', '2019-10-09 21:49:49'),
(964, 'LAS PAVAS', 49, 445, '2019-10-09 21:49:49', '2019-10-09 21:49:49'),
(965, 'JUAN NUNEZ', 49, 445, '2019-10-09 21:49:49', '2019-10-09 21:49:49'),
(966, 'SAN BARTOLO', 49, 445, '2019-10-09 21:49:49', '2019-10-09 21:49:49'),
(967, 'CONCEPCION', 49, 445, '2019-10-09 21:49:49', '2019-10-09 21:49:49'),
(968, 'DOS QUEBRADAS (SEDE PRINCIPAL)', 49, 445, '2019-10-09 21:49:49', '2019-10-09 21:49:49'),
(969, 'EL CACAO', 49, 446, '2019-10-09 21:49:49', '2019-10-09 21:49:49'),
(970, 'BETANIA', 49, 446, '2019-10-09 21:49:49', '2019-10-09 21:49:49'),
(971, 'LA CAPILLA', 49, 447, '2019-10-09 21:49:49', '2019-10-09 21:49:49'),
(972, 'BOCA GRANDE (SEDE PRINCIPAL)', 49, 447, '2019-10-09 21:49:49', '2019-10-09 21:49:49'),
(973, 'LA ROTURA (SEDE PRINCIPAL)', 49, 448, '2019-10-09 21:49:50', '2019-10-09 21:49:50'),
(974, 'ARBOLEDA', 50, 246, '2019-10-09 21:49:50', '2019-10-09 21:49:50'),
(975, 'CURACAS (SEDE PRINCIPAL)', 50, 449, '2019-10-09 21:49:50', '2019-10-09 21:49:50'),
(976, 'INSTITUCION EDUCATIVA CAJAMARCA (SEDE PRINCIPAL)', 50, 450, '2019-10-09 21:49:50', '2019-10-09 21:49:50'),
(977, 'INSTITUCION EDUCATIVA SAN JUANITO (SEDE PRINCIPAL)', 50, 451, '2019-10-09 21:49:50', '2019-10-09 21:49:50'),
(978, 'LISANDRO VASQUEZ MELENDEZ', 50, 251, '2019-10-09 21:49:50', '2019-10-09 21:49:50');

-- --------------------------------------------------------

--
-- Table structure for table `institutions`
--

CREATE TABLE `institutions` (
  `id` bigint(20) UNSIGNED NOT NULL,
  `name` varchar(191) COLLATE utf8mb4_unicode_ci NOT NULL,
  `created_at` timestamp NULL DEFAULT NULL,
  `updated_at` timestamp NULL DEFAULT NULL
) ENGINE=InnoDB DEFAULT CHARSET=utf8mb4 COLLATE=utf8mb4_unicode_ci;

--
-- Dumping data for table `institutions`
--

INSERT INTO `institutions` (`id`, `name`, `created_at`, `updated_at`) VALUES
(1, 'IE ARTURO GOMEZ JARAMILLO', '2019-10-09 21:44:34', '2019-10-09 21:44:34'),
(2, 'IE SAN JOSE', '2019-10-09 21:45:23', '2019-10-09 21:45:23'),
(3, 'IE AGRICOLA CAMPOALEGRE', '2019-10-09 21:45:24', '2019-10-09 21:45:24'),
(4, 'IE ELEAZAR LIBREROS SALAMANCA', '2019-10-09 21:45:24', '2019-10-09 21:45:24'),
(5, 'IE EL PLACER', '2019-10-09 21:45:24', '2019-10-09 21:45:24'),
(6, 'IE JORGE ISAACS', '2019-10-09 21:45:24', '2019-10-09 21:45:24'),
(7, 'IE SANTA INES', '2019-10-09 21:45:24', '2019-10-09 21:45:24'),
(8, 'IE SANTA ANA DE LOS CABALLEROS', '2019-10-09 21:45:25', '2019-10-09 21:45:25'),
(9, 'IE SANTIAGO GUTIERREZ ANGEL', '2019-10-09 21:45:25', '2019-10-09 21:45:25'),
(10, 'IE GILBERTO ALZATE AVENDAÑO.', '2019-10-09 21:45:25', '2019-10-09 21:45:25'),
(11, 'IE RODRIGO LLOREDA CAICEDO', '2019-10-09 21:45:25', '2019-10-09 21:45:25'),
(12, 'IE PRIMAVERA', '2019-10-09 21:45:25', '2019-10-09 21:45:25'),
(13, 'IE BETANIA', '2019-10-09 21:45:25', '2019-10-09 21:45:25'),
(14, 'IE NARANJAL', '2019-10-09 21:45:26', '2019-10-09 21:45:26'),
(15, 'IE LA TULIA', '2019-10-09 21:45:26', '2019-10-09 21:45:26'),
(16, 'IE MANUEL DOLORES MONDRAGON', '2019-10-09 21:45:26', '2019-10-09 21:45:26'),
(17, 'IE MARIANO GONZALEZ', '2019-10-09 21:45:26', '2019-10-09 21:45:26'),
(18, 'IE  CEILAN', '2019-10-09 21:45:26', '2019-10-09 21:45:26'),
(19, 'IE ANTONIO NARIÑO', '2019-10-09 21:45:26', '2019-10-09 21:45:26'),
(20, 'IE DIEGO RENGIFO SALAZAR', '2019-10-09 21:45:27', '2019-10-09 21:45:27'),
(21, 'IE ANTONIA SANTOS', '2019-10-09 21:45:27', '2019-10-09 21:45:27'),
(22, 'IE LA CONSOLITA', '2019-10-09 21:45:27', '2019-10-09 21:45:27'),
(23, 'IE SAGRADO CORAZON DE JESUS', '2019-10-09 21:45:27', '2019-10-09 21:45:27'),
(24, 'IE GILBERTO ALZATE AVENDAÑO', '2019-10-09 21:45:27', '2019-10-09 21:45:27'),
(25, 'IE BOLIVARIANO', '2019-10-09 21:45:27', '2019-10-09 21:45:27'),
(26, 'IE NORMAL SUPERIOR MARIA INMACULADA', '2019-10-09 21:45:27', '2019-10-09 21:45:27'),
(27, 'IE MARINO RENJIFO SALCEDO', '2019-10-09 21:45:27', '2019-10-09 21:45:27'),
(28, 'I.E. PANEBIANCO AMERICANO', '2019-10-09 21:45:28', '2019-10-09 21:45:28'),
(29, 'I.E. INMACULADA CONCEPCION', '2019-10-09 21:45:28', '2019-10-09 21:45:28'),
(30, 'IE NUESTRA SEÑORA DE  LA CANDELARIA', '2019-10-09 21:45:28', '2019-10-09 21:45:28'),
(31, 'IE CRISTOBAL COLON', '2019-10-09 21:45:28', '2019-10-09 21:45:28'),
(32, 'IE PEDRO FERMIN DE VARGAS', '2019-10-09 21:45:28', '2019-10-09 21:45:28'),
(33, 'IE BORRERO AYERBE', '2019-10-09 21:45:28', '2019-10-09 21:45:28'),
(34, 'IE EL QUEREMAL', '2019-10-09 21:45:28', '2019-10-09 21:45:28'),
(35, 'IE MIGUEL ANTONIO CARO', '2019-10-09 21:45:28', '2019-10-09 21:45:28'),
(36, 'IE CAMILO TORRES', '2019-10-09 21:45:29', '2019-10-09 21:45:29'),
(37, 'I.E. SAN PEDRO CLAVER', '2019-10-09 21:45:29', '2019-10-09 21:45:29'),
(38, 'IE EL PALMAR', '2019-10-09 21:45:29', '2019-10-09 21:45:29'),
(39, 'IE GUILLERMO VALENCIA', '2019-10-09 21:45:29', '2019-10-09 21:45:29'),
(40, 'IE SANTA TERESITA DEL NIÑO JESUS', '2019-10-09 21:45:29', '2019-10-09 21:45:29'),
(41, 'IE  DEL DAGUA', '2019-10-09 21:45:29', '2019-10-09 21:45:29'),
(42, 'IE SANTA MARTA', '2019-10-09 21:45:29', '2019-10-09 21:45:29'),
(43, 'IE JUSTINIANO ECHAVARRIA', '2019-10-09 21:45:30', '2019-10-09 21:45:30'),
(44, 'IE EL AGUILA', '2019-10-09 21:45:30', '2019-10-09 21:45:30'),
(45, 'IE LA PRESENTACION', '2019-10-09 21:45:30', '2019-10-09 21:45:30'),
(46, 'IE SANTA ELENA', '2019-10-09 21:45:30', '2019-10-09 21:45:30'),
(47, 'IE JORGE  ISAACS EL PLACER', '2019-10-09 21:45:30', '2019-10-09 21:45:30'),
(48, 'IE HERNANDO BORRERO CUADROS', '2019-10-09 21:45:30', '2019-10-09 21:45:30'),
(49, 'IE JORGE  ISAACS', '2019-10-09 21:45:30', '2019-10-09 21:45:30'),
(50, 'IE SAGRADO CORAZÓN', '2019-10-09 21:45:31', '2019-10-09 21:45:31'),
(51, 'IE PABLO VI', '2019-10-09 21:45:31', '2019-10-09 21:45:31'),
(52, 'CE JOHN F. KENNEDY', '2019-10-09 21:45:31', '2019-10-09 21:45:31'),
(53, 'IE SIMON BOLIVAR', '2019-10-09 21:45:31', '2019-10-09 21:45:31'),
(54, 'IE GIMNASIO DEL CALIMA', '2019-10-09 21:45:31', '2019-10-09 21:45:31'),
(55, 'IE ACERG', '2019-10-09 21:45:31', '2019-10-09 21:45:31'),
(56, 'IE JOSE MARIA FALLA', '2019-10-09 21:45:31', '2019-10-09 21:45:31'),
(57, 'IE IDEBIC', '2019-10-09 21:45:32', '2019-10-09 21:45:32'),
(58, 'IE REGIONAL SIMON BOLIVAR', '2019-10-09 21:45:32', '2019-10-09 21:45:32'),
(59, 'IE ATANASIO GIRARDOT', '2019-10-09 21:45:32', '2019-10-09 21:45:32'),
(60, 'IE JOSE MARIA CORDOBA', '2019-10-09 21:45:32', '2019-10-09 21:45:32'),
(61, 'IE ABSALON TORRES CAMACHO', '2019-10-09 21:45:32', '2019-10-09 21:45:32'),
(62, 'IE CIUDAD FLORIDA', '2019-10-09 21:45:32', '2019-10-09 21:45:32'),
(63, 'IE LAS AMERICAS', '2019-10-09 21:45:32', '2019-10-09 21:45:32'),
(64, 'IE DE DESARROLLO RURAL LA SELVA', '2019-10-09 21:45:32', '2019-10-09 21:45:32'),
(65, 'IE MANUELA BELTRAN', '2019-10-09 21:45:33', '2019-10-09 21:45:33'),
(66, 'IE INMACULADA CONCEPCION', '2019-10-09 21:45:33', '2019-10-09 21:45:33'),
(67, 'IE GINEBRA LA SALLE', '2019-10-09 21:45:33', '2019-10-09 21:45:33'),
(68, 'IE JOSE IGNACIO OSPINA', '2019-10-09 21:45:33', '2019-10-09 21:45:33'),
(69, 'IE JOSE CELESTINO MUTIS', '2019-10-09 21:45:33', '2019-10-09 21:45:33'),
(70, 'IE PEDRO VICENTE ABADIA', '2019-10-09 21:45:33', '2019-10-09 21:45:33'),
(71, 'IE ESCUELA NORMAL SUPERIOR MIGUEL DE CERVANTES SAAVEDRA', '2019-10-09 21:45:34', '2019-10-09 21:45:34'),
(72, 'IE FRANCISCO DE PAULA SANTANDER', '2019-10-09 21:45:34', '2019-10-09 21:45:34'),
(73, 'IE MARIA AUXILIADORA', '2019-10-09 21:45:34', '2019-10-09 21:45:34'),
(74, 'IE LA LIBERTAD', '2019-10-09 21:45:34', '2019-10-09 21:45:34'),
(75, 'IE SAN PIO X', '2019-10-09 21:45:34', '2019-10-09 21:45:34'),
(76, 'I.E. QUEBRADAGRANDE', '2019-10-09 21:45:35', '2019-10-09 21:45:35'),
(77, 'IE ARGEMIRO ESCOBAR CARDONA', '2019-10-09 21:45:35', '2019-10-09 21:45:35'),
(78, 'IE MAGDALENA ORTEGA', '2019-10-09 21:45:35', '2019-10-09 21:45:35'),
(79, 'IE JUAN DE DIOS GIRON', '2019-10-09 21:45:35', '2019-10-09 21:45:35'),
(80, 'IE NUESTRA SEÑORA DE LA PAZ', '2019-10-09 21:45:36', '2019-10-09 21:45:36'),
(81, 'IE SANTA TERESITA', '2019-10-09 21:45:36', '2019-10-09 21:45:36'),
(82, 'IE MANUEL ANTONIO BONILLA', '2019-10-09 21:45:36', '2019-10-09 21:45:36'),
(83, 'IE MARIA ANALIA ORTIZ HORMAZA', '2019-10-09 21:45:37', '2019-10-09 21:45:37'),
(84, 'IE POLICARPA SALAVARRIETA', '2019-10-09 21:45:37', '2019-10-09 21:45:37'),
(85, 'IE MARCO FIDEL SUAREZ', '2019-10-09 21:45:37', '2019-10-09 21:45:37'),
(86, 'I.E. MERCEDES ABREGO', '2019-10-09 21:45:37', '2019-10-09 21:45:37'),
(87, 'IE ALFREDO POSADA CORREA', '2019-10-09 21:45:38', '2019-10-09 21:45:38'),
(88, 'IE FRANCISCO ANTONIO ZEA', '2019-10-09 21:45:38', '2019-10-09 21:45:38'),
(89, 'IE ATENEO', '2019-10-09 21:45:38', '2019-10-09 21:45:38'),
(90, 'I.E. TEODORO MUNERA HINCAPIE', '2019-10-09 21:45:38', '2019-10-09 21:45:38'),
(91, 'IE JULIO FERNANDEZ MEDINA', '2019-10-09 21:45:38', '2019-10-09 21:45:38'),
(92, 'IE JOSE ACEVEDO Y GOMEZ', '2019-10-09 21:45:38', '2019-10-09 21:45:38'),
(93, 'IE JORGE ELIECER GAITAN', '2019-10-09 21:45:38', '2019-10-09 21:45:38'),
(94, 'IE JOSE FELIX RESTREPO', '2019-10-09 21:45:38', '2019-10-09 21:45:38'),
(95, 'IE ALFREDO GARRIDO TOVAR', '2019-10-09 21:45:39', '2019-10-09 21:45:39'),
(96, 'IE NEMESIO RODRIGUEZ ESCOBAR', '2019-10-09 21:45:39', '2019-10-09 21:45:39'),
(97, 'IE HERNANDO LLORENTE ARROYO', '2019-10-09 21:45:39', '2019-10-09 21:45:39'),
(98, 'IE PRIMITIVO CRESPO', '2019-10-09 21:45:39', '2019-10-09 21:45:39'),
(99, 'IE SANTA ROSALIA DE PALERMO', '2019-10-09 21:45:39', '2019-10-09 21:45:39'),
(100, 'CE RODRIGO LLOREDA CAICEDO', '2019-10-09 21:45:40', '2019-10-09 21:45:40'),
(101, 'IE NORMAL SUPERIOR JORGE ISAACS', '2019-10-09 21:45:40', '2019-10-09 21:45:40'),
(102, 'IE NUESTRA SEÑORA DE CHIQUINQUIRA', '2019-10-09 21:45:40', '2019-10-09 21:45:40'),
(103, 'IE BELISARIO PEÑA PIÑEIRO', '2019-10-09 21:45:40', '2019-10-09 21:45:40'),
(104, 'IE JULIO CAICEDO TELLEZ', '2019-10-09 21:45:40', '2019-10-09 21:45:40'),
(105, 'IE JOSE ANTONIO AGUILERA', '2019-10-09 21:45:40', '2019-10-09 21:45:40'),
(106, 'IE HERACLIO URIBE URIBE', '2019-10-09 21:45:41', '2019-10-09 21:45:41'),
(107, 'IE BENJAMIN HERRERA', '2019-10-09 21:45:41', '2019-10-09 21:45:41'),
(108, 'IE SANTA BARBARA', '2019-10-09 21:45:41', '2019-10-09 21:45:41'),
(109, 'IE DOCE DE OCTUBRE', '2019-10-09 21:45:41', '2019-10-09 21:45:41'),
(110, 'IE GENERAL SANTANDER', '2019-10-09 21:45:41', '2019-10-09 21:45:41'),
(111, 'IE SEVILLA', '2019-10-09 21:45:41', '2019-10-09 21:45:41'),
(112, 'IE NUESTRA SEÑORA DE LA CONSOLACION', '2019-10-09 21:45:42', '2019-10-09 21:45:42'),
(113, 'IE  TECNICA AGROPECUARIA TORO', '2019-10-09 21:45:42', '2019-10-09 21:45:42'),
(114, 'IE FRAY JOSE JOAQUIN ESCOBAR', '2019-10-09 21:45:42', '2019-10-09 21:45:42'),
(115, 'IE MANUEL MARIA MALLARINO', '2019-10-09 21:45:42', '2019-10-09 21:45:42'),
(116, 'IE SAN ISIDRO', '2019-10-09 21:45:42', '2019-10-09 21:45:42'),
(117, 'IE ANTONIOJOSE DE SUCRE', '2019-10-09 21:45:42', '2019-10-09 21:45:42'),
(118, 'IE JULIAN TRUJILLO', '2019-10-09 21:45:42', '2019-10-09 21:45:42'),
(119, 'IE MARIA INMACULADA', '2019-10-09 21:45:43', '2019-10-09 21:45:43'),
(120, 'IE LEOCADIO SALAZAR', '2019-10-09 21:45:43', '2019-10-09 21:45:43'),
(121, 'IE CARLOS HOLGUIN SARDI', '2019-10-09 21:45:43', '2019-10-09 21:45:43'),
(122, 'IE LA INMACULADA', '2019-10-09 21:45:43', '2019-10-09 21:45:43'),
(123, 'IE VEINTE DE JULIO', '2019-10-09 21:45:43', '2019-10-09 21:45:43'),
(124, 'IE ANTONIO JOSE DE SUCRE', '2019-10-09 21:45:43', '2019-10-09 21:45:43'),
(125, 'IE JORGE ROBLEDO', '2019-10-09 21:45:43', '2019-10-09 21:45:43'),
(126, 'IE SAN JUAN BOSCO', '2019-10-09 21:45:44', '2019-10-09 21:45:44'),
(127, 'IE GABRIELA MISTRAL', '2019-10-09 21:45:44', '2019-10-09 21:45:44'),
(128, 'IE ALFONSO ZAWADZKY', '2019-10-09 21:45:44', '2019-10-09 21:45:44'),
(129, 'IE LUIS GABRIEL UMAÑA MORALES', '2019-10-09 21:45:44', '2019-10-09 21:45:44'),
(130, 'IE EFRAIN VARELA VACA', '2019-10-09 21:45:44', '2019-10-09 21:45:44'),
(131, 'IE NORMAL SUPERIOR NUESTRA SEÑORA DE LAS MERCEDES', '2019-10-09 21:45:44', '2019-10-09 21:45:44'),
(132, 'I.E. LA HERRADURA', '2019-10-09 21:48:51', '2019-10-09 21:48:51'),
(133, 'INSTITUCION EDUCATIVA EL TABLON', '2019-10-09 21:48:52', '2019-10-09 21:48:52'),
(134, 'INSTITUCION EDUCATIVA LLACUANAS', '2019-10-09 21:48:52', '2019-10-09 21:48:52'),
(135, 'INSTITUCION EDUCATIVA SAN LUIS', '2019-10-09 21:48:52', '2019-10-09 21:48:52'),
(136, 'I.E. NORMAL SUPERIOR SANTA CLARA', '2019-10-09 21:48:52', '2019-10-09 21:48:52'),
(137, 'I.E. SINAI', '2019-10-09 21:48:52', '2019-10-09 21:48:52'),
(138, 'I.E. PUERTO RICO', '2019-10-09 21:48:52', '2019-10-09 21:48:52'),
(139, 'I.E. LA BELLEZA', '2019-10-09 21:48:53', '2019-10-09 21:48:53'),
(140, 'I.E.T. MIGUEL ZAPATA (ANTES I.E. MIGUEL ZAPATA', '2019-10-09 21:48:53', '2019-10-09 21:48:53'),
(141, 'I.E. MARCO FIDEL NARVAEZ', '2019-10-09 21:48:53', '2019-10-09 21:48:53'),
(142, 'I.E. AGRICOLA DE ARGELIA', '2019-10-09 21:48:53', '2019-10-09 21:48:53'),
(143, 'I.E. AGRICOLA SAN ALFONSO', '2019-10-09 21:48:53', '2019-10-09 21:48:53'),
(144, 'I.E. LA PLANADA', '2019-10-09 21:48:53', '2019-10-09 21:48:53'),
(145, 'I.E. OLAYA (ANTES C.E. OLAYA)', '2019-10-09 21:48:54', '2019-10-09 21:48:54'),
(146, 'I.E. VASCO NUÑEZ DE BALBOA', '2019-10-09 21:48:54', '2019-10-09 21:48:54'),
(147, 'INSTITUCION EDUCATIVA AGROPECUARIO NUESTRA SENORA DEL CARMEN', '2019-10-09 21:48:54', '2019-10-09 21:48:54'),
(148, 'INST EDUC AGROP JOSE DOLORES DAZA', '2019-10-09 21:48:54', '2019-10-09 21:48:54'),
(149, 'INSTITUCION EDUCATIVA AGRICOLA ALEJANDRO GOMEZ', '2019-10-09 21:48:54', '2019-10-09 21:48:54'),
(150, 'INSTITUCION EDUCATIVA SAN JOSE DEL MORRO', '2019-10-09 21:48:54', '2019-10-09 21:48:54'),
(151, 'INST EDUC ANDINO SAN LORENZO', '2019-10-09 21:48:54', '2019-10-09 21:48:54'),
(152, 'INST EDUC EL RODEO', '2019-10-09 21:48:54', '2019-10-09 21:48:54'),
(153, 'INST EDUC LA CARBONERA', '2019-10-09 21:48:55', '2019-10-09 21:48:55'),
(154, 'INST EDUC SAN FERNANDO DE MELCHOR', '2019-10-09 21:48:55', '2019-10-09 21:48:55'),
(155, 'INST EDUC EL CARMEN', '2019-10-09 21:48:55', '2019-10-09 21:48:55'),
(156, 'I.E. SANTA CATALINA DE LABOURE', '2019-10-09 21:48:55', '2019-10-09 21:48:55'),
(157, 'INST EDUC TEC DOMINGO BELISARIO GOMEZ', '2019-10-09 21:48:55', '2019-10-09 21:48:55'),
(158, 'INSTITUCION EDUCATIVA MARCO FIDEL SUAREZ', '2019-10-09 21:48:56', '2019-10-09 21:48:56'),
(159, 'INSTITUCION EDUCATIVA AGROPECUARIO PALO BLANCO', '2019-10-09 21:48:56', '2019-10-09 21:48:56'),
(160, 'INSTITUCION EDUCATIVA NUEVA VISION DE HONDURAS', '2019-10-09 21:48:56', '2019-10-09 21:48:56'),
(161, 'INSTITUCION EDUCATIVA AGROPECUARIA BRISAS DE MARY LOPEZ', '2019-10-09 21:48:56', '2019-10-09 21:48:56'),
(162, 'INSTITUCION EDUCATIVA AGROINDUSTRIAL VALENTIN CARABALI', '2019-10-09 21:48:56', '2019-10-09 21:48:56'),
(163, 'I.E. MAZAMORRERO', '2019-10-09 21:48:56', '2019-10-09 21:48:56'),
(164, 'INSTITUCION EDUCATIVA MARIA AUXILIADORA', '2019-10-09 21:48:56', '2019-10-09 21:48:56'),
(165, 'I.E. AGROPECUARIA NUESTRA SEÑORA DEL ROSARIO', '2019-10-09 21:48:57', '2019-10-09 21:48:57'),
(166, 'I.E. NUESTRA SEÑORA DE LAS MERCEDES', '2019-10-09 21:48:57', '2019-10-09 21:48:57'),
(167, 'I.E. AGROPECUARIA NUESTRA SEÑORA DEL CARMEN', '2019-10-09 21:48:57', '2019-10-09 21:48:57'),
(168, 'I.E. EFRAIN OROZCO', '2019-10-09 21:48:57', '2019-10-09 21:48:57'),
(169, 'I.E. AGROPECUARIO LA CAPILLA', '2019-10-09 21:48:57', '2019-10-09 21:48:57'),
(170, 'I.E. CASAS BAJAS (ANTES C.E. CASA BAJAS)', '2019-10-09 21:48:57', '2019-10-09 21:48:57'),
(171, 'I.E. EL TUNEL', '2019-10-09 21:48:57', '2019-10-09 21:48:57'),
(172, 'I.E.  ALTO MOJIBIO', '2019-10-09 21:48:57', '2019-10-09 21:48:57'),
(173, 'I.E. LA MESETA', '2019-10-09 21:48:57', '2019-10-09 21:48:57'),
(174, 'I.E. DINDE', '2019-10-09 21:48:58', '2019-10-09 21:48:58'),
(175, 'I.E. CARMEN DE QUINTANA', '2019-10-09 21:48:58', '2019-10-09 21:48:58'),
(176, 'I.E. LOS COMUNEROS', '2019-10-09 21:48:58', '2019-10-09 21:48:58'),
(177, 'I.E. GUILLERMO LEON VALENCIA', '2019-10-09 21:48:58', '2019-10-09 21:48:58'),
(178, 'I.E. AGROINDUSTRIAL MONTERILLA (ANTES INSTITUCION EDUCATIVA MONTERILLA)', '2019-10-09 21:48:58', '2019-10-09 21:48:58'),
(179, 'I.E. EL ROSARIO ANTES (C.E. EL ROSARIO)', '2019-10-09 21:48:58', '2019-10-09 21:48:58'),
(180, 'I.E. SUSANA TROCHEZ DE VIVAS', '2019-10-09 21:48:58', '2019-10-09 21:48:58'),
(181, 'I.E. COMERCIAL EL PALO', '2019-10-09 21:48:59', '2019-10-09 21:48:59'),
(182, 'I.E.R. INTEGRADA QUINTERO', '2019-10-09 21:48:59', '2019-10-09 21:48:59'),
(183, 'I.E. LA NIÑA MARIA - CRUCERO DE GUALI', '2019-10-09 21:48:59', '2019-10-09 21:48:59'),
(184, 'I.E. AGRO EMPRESARIAL HUASANO ANTES (INST EDUC HUASANO)', '2019-10-09 21:48:59', '2019-10-09 21:48:59'),
(185, 'I.E. NUCLEO ESCOLAR RURAL CALOTO', '2019-10-09 21:48:59', '2019-10-09 21:48:59'),
(186, 'I.E. ESCIPION JARAMILLO', '2019-10-09 21:48:59', '2019-10-09 21:48:59'),
(187, 'I.E. SAGRADA FAMILIA', '2019-10-09 21:48:59', '2019-10-09 21:48:59'),
(188, 'INSTITUCION EDUCATIVA LAS GUACAS', '2019-10-09 21:48:59', '2019-10-09 21:48:59'),
(189, 'INSTITUCION EDUCATIVA INCODELCA', '2019-10-09 21:49:00', '2019-10-09 21:49:00'),
(190, 'INSTITUCION EDUCATIVA JOSE MARIA OBANDO', '2019-10-09 21:49:00', '2019-10-09 21:49:00'),
(191, 'I.E. NUCLEO TÉCNICO AGROPECUARIO', '2019-10-09 21:49:00', '2019-10-09 21:49:00'),
(192, 'I.E. FUNDACION PARA LA EDUCACION AGROPECUARIA JOSE MARIA OBANDO', '2019-10-09 21:49:00', '2019-10-09 21:49:00'),
(193, 'I.E. DE CHISQUIO', '2019-10-09 21:49:00', '2019-10-09 21:49:00'),
(194, 'I.E. LOS ANAYES', '2019-10-09 21:49:00', '2019-10-09 21:49:00'),
(195, 'I.E. LAS BOTAS', '2019-10-09 21:49:00', '2019-10-09 21:49:00'),
(196, 'I.E. AGROECOLOGICO DE SEVILLA', '2019-10-09 21:49:01', '2019-10-09 21:49:01'),
(197, 'I.E. LA PAZ', '2019-10-09 21:49:01', '2019-10-09 21:49:01'),
(198, 'I.E. PIAGUA', '2019-10-09 21:49:01', '2019-10-09 21:49:01'),
(199, 'I.E. AGROINDUSTRIAL DE QUILCACE', '2019-10-09 21:49:01', '2019-10-09 21:49:01'),
(200, 'I.E. SEGUENGUE', '2019-10-09 21:49:01', '2019-10-09 21:49:01'),
(201, 'I.E. AGROPECUARIA URIBE', '2019-10-09 21:49:01', '2019-10-09 21:49:01'),
(202, 'I.E. CUATRO ESQUINAS', '2019-10-09 21:49:01', '2019-10-09 21:49:01'),
(203, 'I.E. EL PLACER (ANTES C.E. EL PLACER)', '2019-10-09 21:49:01', '2019-10-09 21:49:01'),
(204, 'I.E. PUEBLO NUEVO CIPRÉS', '2019-10-09 21:49:01', '2019-10-09 21:49:01'),
(205, 'I.E. LIBORIO MEJIA', '2019-10-09 21:49:02', '2019-10-09 21:49:02'),
(206, 'I.E. SAN CARLOS', '2019-10-09 21:49:02', '2019-10-09 21:49:02'),
(207, 'I.E. POLITECNICO FRANCISCO DE PAULA SANTANDER', '2019-10-09 21:49:02', '2019-10-09 21:49:02'),
(208, 'INST EDUC TORIBIO PAZ MONCAYO', '2019-10-09 21:49:02', '2019-10-09 21:49:02'),
(209, 'I.E. EL ROSARIO', '2019-10-09 21:49:02', '2019-10-09 21:49:02'),
(210, 'I.E. JORGE ELIÉCER GAITÁN', '2019-10-09 21:49:03', '2019-10-09 21:49:03'),
(211, 'I.E. ECOLOGICA VEREDAS UNIDAS BARRAGÁN', '2019-10-09 21:49:03', '2019-10-09 21:49:03'),
(212, 'I.E. INTEGRADO OBANDO', '2019-10-09 21:49:03', '2019-10-09 21:49:03'),
(213, 'I.E. LA CABAÑA', '2019-10-09 21:49:03', '2019-10-09 21:49:03'),
(214, 'I.E. SAN JOSE', '2019-10-09 21:49:04', '2019-10-09 21:49:04'),
(215, 'I.E. SAN ANTONIO', '2019-10-09 21:49:04', '2019-10-09 21:49:04'),
(216, 'I.E. FRAY LUIS AMIGO', '2019-10-09 21:49:04', '2019-10-09 21:49:04'),
(217, 'I.E. SAN AGUSTIN DEL NAPI', '2019-10-09 21:49:04', '2019-10-09 21:49:04'),
(218, 'I.E. CHUARE NAPI', '2019-10-09 21:49:04', '2019-10-09 21:49:04'),
(219, 'I.E. SAN PEDRO Y SAN PABLO', '2019-10-09 21:49:05', '2019-10-09 21:49:05'),
(220, 'I.E. MANUEL DE VALVERDE', '2019-10-09 21:49:05', '2019-10-09 21:49:05'),
(221, 'I.E. NORMAL SUPERIOR LA INMACULADA', '2019-10-09 21:49:05', '2019-10-09 21:49:05'),
(222, 'I.E. EMPRESARIAL SAN JOSÉ', '2019-10-09 21:49:05', '2019-10-09 21:49:05'),
(223, 'INSTITUCION EDUCATIVA SAGRADA FAMILIA DE NAZARETH', '2019-10-09 21:49:05', '2019-10-09 21:49:05'),
(224, 'INSTITUCION EDUCATIVA INZA', '2019-10-09 21:49:05', '2019-10-09 21:49:05'),
(225, 'I.E. PROMOCION SOCIAL GUANACAS', '2019-10-09 21:49:06', '2019-10-09 21:49:06'),
(226, 'I.E. MICROEMPRESARIAL AGROPECUARIO SAN ANDRÉS', '2019-10-09 21:49:06', '2019-10-09 21:49:06'),
(227, 'INSTITUCION EDUCATIVA AGRICOLA NUESTRA SENORA DE LA CANDELARIA', '2019-10-09 21:49:06', '2019-10-09 21:49:06'),
(228, 'INSTITUCION EDUCATIVA AGRICOLA LUIS NELSON CUELLAR', '2019-10-09 21:49:06', '2019-10-09 21:49:06'),
(229, 'INSTITUCION EDUCATIVA SAN ANTONIO', '2019-10-09 21:49:06', '2019-10-09 21:49:06'),
(230, 'I.E. SAN ISIDRO', '2019-10-09 21:49:06', '2019-10-09 21:49:06'),
(231, 'INSTITUCION EDUCATIVA NUEVA GENERACION', '2019-10-09 21:49:06', '2019-10-09 21:49:06'),
(232, 'INSTITUCION EDUCATIVA LA DEPRESION (ANTES CENTRO EDUCATIVO LA DEPRESION)', '2019-10-09 21:49:06', '2019-10-09 21:49:06'),
(233, 'INST EDUC PALO GRANDE BAJO ANTES (CENT EDUC PALO GRANDE BAJO)', '2019-10-09 21:49:06', '2019-10-09 21:49:06'),
(234, 'INSTITUCION EDUCATIVA FRANCISCO JOSE DE CALDAS', '2019-10-09 21:49:07', '2019-10-09 21:49:07'),
(235, 'INSTITUCION EDUCATIVA AGROPECUARIA SANTA RITA', '2019-10-09 21:49:07', '2019-10-09 21:49:07'),
(236, 'INSTITUCION EDUCATIVA LOS UVOS', '2019-10-09 21:49:07', '2019-10-09 21:49:07'),
(237, 'INSTITUCION EDUCATIVA AGROPECUARIO SAN FRANCISCO JAVIER', '2019-10-09 21:49:07', '2019-10-09 21:49:07'),
(238, 'INSTITUCION EDUCATIVA SAN JOSE DE ALTAMIRA', '2019-10-09 21:49:07', '2019-10-09 21:49:07'),
(239, 'INSTITUCION EDUCATIVA SANTA ROSA DE LIMA', '2019-10-09 21:49:07', '2019-10-09 21:49:07'),
(240, 'INSTITUCION EDUCATIVA SANTA JUANA DE ARCO', '2019-10-09 21:49:07', '2019-10-09 21:49:07'),
(241, 'I.E. NORMAL SUPERIOR LOS ANDES', '2019-10-09 21:49:08', '2019-10-09 21:49:08'),
(242, 'I.E. PABLO VI', '2019-10-09 21:49:08', '2019-10-09 21:49:08'),
(243, 'I.E. ZARAGOZA', '2019-10-09 21:49:08', '2019-10-09 21:49:08'),
(244, 'I.E. SAN ANTONIO DE CHUARE', '2019-10-09 21:49:08', '2019-10-09 21:49:08'),
(245, 'I.E. SANTA CRUZ ALTO SIGUI', '2019-10-09 21:49:08', '2019-10-09 21:49:08'),
(246, 'I.E.A. ARBOLEDA', '2019-10-09 21:49:08', '2019-10-09 21:49:08'),
(247, 'I.E.A. ISRAEL MARÍA NARVÁEZ', '2019-10-09 21:49:08', '2019-10-09 21:49:08'),
(248, 'I.E. LOS SOMBRERILLOS', '2019-10-09 21:49:08', '2019-10-09 21:49:08'),
(249, 'I.E. MOJARRAS', '2019-10-09 21:49:09', '2019-10-09 21:49:09'),
(250, 'I.E. NUESTRA SEÑORA DEL ROSARIO -ANTES (I.E. URB DE NIÑAS NTA SRA DEL ROSARIO)', '2019-10-09 21:49:09', '2019-10-09 21:49:09'),
(251, 'I.E. JUAN XXIII', '2019-10-09 21:49:09', '2019-10-09 21:49:09'),
(252, 'INSTITUCION EDUCATIVA EL ROSARIO', '2019-10-09 21:49:09', '2019-10-09 21:49:09'),
(253, 'INST EDUC SANTA ANA', '2019-10-09 21:49:09', '2019-10-09 21:49:09'),
(254, 'INSTITUCION EDUCATIVA AGROPECUARIO MONTERREDONDO', '2019-10-09 21:49:09', '2019-10-09 21:49:09'),
(255, 'INSTITUCION EDUCATIVA TECNICO EL ORTIGAL', '2019-10-09 21:49:09', '2019-10-09 21:49:09'),
(256, 'INST EDUC TEC MARISCAL SUCRE (ANTES MUNICIPAL DE MIRANDA)', '2019-10-09 21:49:10', '2019-10-09 21:49:10'),
(257, 'INSTITUCION EDUCATIVA LEOPOLDO PIZARRO GONZALEZ', '2019-10-09 21:49:10', '2019-10-09 21:49:10'),
(258, 'I.E. AGROPECUARIA MAXIMO GOMEZ', '2019-10-09 21:49:10', '2019-10-09 21:49:10'),
(259, 'INSTITUCION EDUCATIVA AGROPECUARIA HERMES MARTINEZ', '2019-10-09 21:49:10', '2019-10-09 21:49:10'),
(260, 'INSTITUCION EDUCATIVA FRANCISCO ANTONIO RADA', '2019-10-09 21:49:10', '2019-10-09 21:49:10'),
(261, 'I.E. HOLANDA', '2019-10-09 21:49:10', '2019-10-09 21:49:10'),
(262, 'I.E. ALMIRANTE PADILLA', '2019-10-09 21:49:10', '2019-10-09 21:49:10'),
(263, 'INSTITUCIÓN EDUCATIVA AGROPECUARIA FELIX MARIA ORTIZ', '2019-10-09 21:49:11', '2019-10-09 21:49:11'),
(264, 'INSTITUCION EDUCATIVA NORMAL SUPERIOR ENRIQUE VALLEJO DE TIERRADENTRO', '2019-10-09 21:49:11', '2019-10-09 21:49:11'),
(265, 'I.E. LA MESA', '2019-10-09 21:49:11', '2019-10-09 21:49:11'),
(266, 'I.E. LA FONDA', '2019-10-09 21:49:11', '2019-10-09 21:49:11'),
(267, 'I.E. DE DESARROLLO RURAL EL ESTRECHO', '2019-10-09 21:49:11', '2019-10-09 21:49:11'),
(268, 'I.E. DOS RIOS', '2019-10-09 21:49:11', '2019-10-09 21:49:11'),
(269, 'I.E. EL TREBOL', '2019-10-09 21:49:11', '2019-10-09 21:49:11'),
(270, 'I.E.A. CAMILO TORRES', '2019-10-09 21:49:11', '2019-10-09 21:49:11'),
(271, 'I.E. LAS BRISAS ANTES (C.E. LAS BRISAS)', '2019-10-09 21:49:11', '2019-10-09 21:49:11'),
(272, 'I.E. CAPITÁN BERMÚDEZ', '2019-10-09 21:49:12', '2019-10-09 21:49:12'),
(273, 'I.E. SIMON BOLIVAR', '2019-10-09 21:49:12', '2019-10-09 21:49:12'),
(274, 'I.E. BACHILLERATO PATIA', '2019-10-09 21:49:12', '2019-10-09 21:49:12'),
(275, 'INSTITUCION EDUCATIVA SANTA ELENA', '2019-10-09 21:49:12', '2019-10-09 21:49:12'),
(276, 'INSTITUCION EDUCATIVA EL CARMEN', '2019-10-09 21:49:12', '2019-10-09 21:49:12'),
(277, 'INSTITUCION EDUCATIVA TECNICO TUNIA', '2019-10-09 21:49:13', '2019-10-09 21:49:13'),
(278, 'INST EDUC LOS UVALES ANTES (INST EDUC AGROP LOS UVALES)', '2019-10-09 21:49:13', '2019-10-09 21:49:13'),
(279, 'INST EDUC PISITAO GRANDE SAN MIGUEL (ANTES CENT EDUC PISITAO GRANDE SAN MIGUEL)', '2019-10-09 21:49:13', '2019-10-09 21:49:13'),
(280, 'INSTITUCION EDUCATIVA INSTITUTO NACIONAL MIXTO', '2019-10-09 21:49:13', '2019-10-09 21:49:13'),
(281, 'INSTITUCION EDUCATIVA MADRE DE DIOS', '2019-10-09 21:49:13', '2019-10-09 21:49:13'),
(282, 'INSTITUCION EDUCATIVA SIMON BOLIVAR', '2019-10-09 21:49:13', '2019-10-09 21:49:13'),
(283, 'INSTITUCION EDUCATIVA EL OASIS', '2019-10-09 21:49:13', '2019-10-09 21:49:13'),
(284, 'I.E. ANA SILENA ARROYAVE', '2019-10-09 21:49:14', '2019-10-09 21:49:14'),
(285, 'I.E. POLITECNICO LA MILAGROSA', '2019-10-09 21:49:14', '2019-10-09 21:49:14'),
(286, 'I.E. JOSE HILARIO LOPEZ', '2019-10-09 21:49:14', '2019-10-09 21:49:14'),
(287, 'I.E. FIDELINA ECHEVERRY', '2019-10-09 21:49:14', '2019-10-09 21:49:14'),
(288, 'I.E. SAGRADO CORAZON', '2019-10-09 21:49:14', '2019-10-09 21:49:14'),
(289, 'I.E.T.A. MARGARITA LEGARDA', '2019-10-09 21:49:14', '2019-10-09 21:49:14'),
(290, 'INST EDUC ALFONSO CORDOBA (ANTES CENT EDUC ALFONSO CORDOBA)', '2019-10-09 21:49:15', '2019-10-09 21:49:15'),
(291, 'INST EDUC LOMA BAJO (ANTES CENT EDUC LOMA BAJO)', '2019-10-09 21:49:15', '2019-10-09 21:49:15'),
(292, 'INSTITUCION EDUCATIVA NUESTRA SENORA DEL CARMEN', '2019-10-09 21:49:15', '2019-10-09 21:49:15'),
(293, 'I.E. EL MARQUEZ', '2019-10-09 21:49:15', '2019-10-09 21:49:15'),
(294, 'INSTITUCION EDUCATIVA AGROPECUARIO DE PARRAGA', '2019-10-09 21:49:15', '2019-10-09 21:49:15'),
(295, 'INSTITUCION EDUCATIVA SANTA TERESITA', '2019-10-09 21:49:15', '2019-10-09 21:49:15'),
(296, 'INSTITUCION EDUCATIVA MADRE CARIDAD BRADER', '2019-10-09 21:49:15', '2019-10-09 21:49:15'),
(297, 'I.E.A. SAN SEBASTIAN', '2019-10-09 21:49:15', '2019-10-09 21:49:15'),
(298, 'I.E.A. VALENCIA', '2019-10-09 21:49:16', '2019-10-09 21:49:16'),
(299, 'I.E. TÉCNICA EN SISTEMAS SANTIAGO', '2019-10-09 21:49:16', '2019-10-09 21:49:16'),
(300, 'I.E.A. NUESTRA SEÑORA DEL ROSARIO', '2019-10-09 21:49:16', '2019-10-09 21:49:16'),
(301, 'I.E.A. VILLALOBOS', '2019-10-09 21:49:16', '2019-10-09 21:49:16'),
(302, 'I.E.A. JOSÉ ACEVEDO Y GÓMEZ', '2019-10-09 21:49:16', '2019-10-09 21:49:16'),
(303, 'INSTITUCION EDUCATIVA LA ARROBLEDA', '2019-10-09 21:49:17', '2019-10-09 21:49:17'),
(304, 'I.E. JOSE MARIA CORDOBA', '2019-10-09 21:49:17', '2019-10-09 21:49:17'),
(305, 'INSTITUCION EDUCATIVA DOMINGUILLO', '2019-10-09 21:49:17', '2019-10-09 21:49:17'),
(306, 'INSTITUCION EDUCATIVA POLICARPA FERNANDEZ', '2019-10-09 21:49:17', '2019-10-09 21:49:17'),
(307, 'INST EDUC LA ESPERANZA ANTES (CENT EDUC LA ESPERANZA)', '2019-10-09 21:49:17', '2019-10-09 21:49:17'),
(308, 'INSTITUCION EDUCATIVA EL PALMAR (ANTES CENTRO EDUCATIVO EL PALMAR)', '2019-10-09 21:49:17', '2019-10-09 21:49:17'),
(309, 'I.E. AGROPECUARIA SAN ISIDRO', '2019-10-09 21:49:18', '2019-10-09 21:49:18'),
(310, 'I. E. BAJO SAN FRANCISCO', '2019-10-09 21:49:18', '2019-10-09 21:49:18'),
(311, 'INSTITUCIÓN EDUCATIVA SAN ANTONIO (ANTES CENTRO EDUCATIVO SAN ANTONIO)', '2019-10-09 21:49:18', '2019-10-09 21:49:18'),
(312, 'I.E. FRANCISCO JOSE DE CALDAS', '2019-10-09 21:49:18', '2019-10-09 21:49:18'),
(313, 'INSTITUCION EDUCATIVA LIMBANIA VELASCO', '2019-10-09 21:49:18', '2019-10-09 21:49:18'),
(314, 'INSTITUCION EDUCATIVA ANA JOSEFA MORALES DUQUE', '2019-10-09 21:49:18', '2019-10-09 21:49:18'),
(315, 'INST EDUC CAUCA ANTES CENTRO DOCENTE URBANO DE NINAS CAUCA', '2019-10-09 21:49:19', '2019-10-09 21:49:19'),
(316, 'INSTITUCION EDUCATIVA INSTITUTO TECNICO DE SANTANDER DE QUILICHAO', '2019-10-09 21:49:19', '2019-10-09 21:49:19'),
(317, 'I.E. TECNICO AMBIENTAL FERNANDEZ GUERRA', '2019-10-09 21:49:19', '2019-10-09 21:49:19'),
(318, 'I.E. DE USENDA', '2019-10-09 21:49:19', '2019-10-09 21:49:19'),
(319, 'I.E.T.A. FRANCISCO JOSE DE CALDAS', '2019-10-09 21:49:19', '2019-10-09 21:49:19'),
(320, 'I.E. EZEQUIEL HURTADO', '2019-10-09 21:49:19', '2019-10-09 21:49:19'),
(321, 'INSTITUCION EDUCATIVA NUESTRA SENORA DEL PERPETUO SOCORRO', '2019-10-09 21:49:20', '2019-10-09 21:49:20'),
(322, 'I.E. PIEDRA DE LEON (ANTES C.E. PIEDRA DE LEON)', '2019-10-09 21:49:20', '2019-10-09 21:49:20'),
(323, 'I.E. AGROPECUARIA  LOS  ROBLES', '2019-10-09 21:49:20', '2019-10-09 21:49:20'),
(324, 'I.E. EL CRUCERO', '2019-10-09 21:49:20', '2019-10-09 21:49:20'),
(325, 'INST EDUC AGROP CHAPA', '2019-10-09 21:49:20', '2019-10-09 21:49:20'),
(326, 'I.E. AGROPECUARIA INTEGRADO SOTARA', '2019-10-09 21:49:20', '2019-10-09 21:49:20'),
(327, 'I.E. SANTA ROSA DE LIMA', '2019-10-09 21:49:21', '2019-10-09 21:49:21'),
(328, 'INSTITUCION EDUCATIVA LA MESETA (ANTES CENTRO EDUCATIVO LA MESETA)', '2019-10-09 21:49:21', '2019-10-09 21:49:21'),
(329, 'I.E. ASNAZU', '2019-10-09 21:49:21', '2019-10-09 21:49:21'),
(330, 'INSTITUCION EDUCATIVA MINDALA (ANTES CENTRO EDUCATIVO MINDALA)', '2019-10-09 21:49:21', '2019-10-09 21:49:21'),
(331, 'INSTITUCION EDUCATIVA SANTA MARTA (ANTES CENTRO EDUCATIVO SANTA MARTA)', '2019-10-09 21:49:21', '2019-10-09 21:49:21'),
(332, 'INSTITUCION EDUCATIVA MARILOPEZ BELLAVISTA (ANTES CENTRO EDUCATIVO MARILOPEZ BELLAVISTA)', '2019-10-09 21:49:21', '2019-10-09 21:49:21'),
(333, 'I.E.T.A. DE SUAREZ', '2019-10-09 21:49:21', '2019-10-09 21:49:21'),
(334, 'INSTITUCION EDUCATIVA AGROPECUARIA MARISCAL SUCRE', '2019-10-09 21:49:22', '2019-10-09 21:49:22'),
(335, 'I.E. AGROP SANTA MARIA', '2019-10-09 21:49:22', '2019-10-09 21:49:22'),
(336, 'I.E. EL BOQUERON (ANTES CENT EDUC EL BOQUERON)', '2019-10-09 21:49:22', '2019-10-09 21:49:22'),
(337, 'I.E. PROMOCION SOCIAL', '2019-10-09 21:49:22', '2019-10-09 21:49:22'),
(338, 'I.E.  LA CABANA ANTES CENT EDUC', '2019-10-09 21:49:22', '2019-10-09 21:49:22'),
(339, 'I.E. AGROP CINCO DIAS', '2019-10-09 21:49:22', '2019-10-09 21:49:22'),
(340, 'I.E. CARLOS ALBAN', '2019-10-09 21:49:23', '2019-10-09 21:49:23'),
(341, 'INST EDUC CONC ESC GUILLERMO VALENCIA (ANTES SEDE INST EDUC CARLOS ALBAN)', '2019-10-09 21:49:23', '2019-10-09 21:49:23'),
(342, 'I.E. SAN ANTONIO DE PADUA', '2019-10-09 21:49:23', '2019-10-09 21:49:23'),
(343, 'INSTITUCION EDUCATIVA AGRICOLA SANTA ROSA', '2019-10-09 21:49:23', '2019-10-09 21:49:23'),
(344, 'INSTITUCION EDUCATIVA AGRICOLA SANTA MARIA', '2019-10-09 21:49:23', '2019-10-09 21:49:23'),
(345, 'INSTITUCION EDUCATIVA INTEGRADA AGRICOLA SAN BERNARDO', '2019-10-09 21:49:23', '2019-10-09 21:49:23'),
(346, 'INSTITUCION EDUCATIVA SAN JOSE', '2019-10-09 21:49:23', '2019-10-09 21:49:23'),
(347, 'INSTITUCION EDUCATIVA AGRICOLA JUSTINIANO OCORO', '2019-10-09 21:49:24', '2019-10-09 21:49:24'),
(348, 'INSTITUCION EDUCATIVA COMERCIAL SANTA CLARA DE ASIS', '2019-10-09 21:49:24', '2019-10-09 21:49:24'),
(349, 'INSTITUCION EDUCATIVA AGROINDUSTRIAL VICTOR MANUEL CHAUX VILLAMIL', '2019-10-09 21:49:24', '2019-10-09 21:49:24'),
(350, 'INSTITUCION EDUCATIVA AGROPECUARIA MANUEL JOSE MOSQUERA VIDAL', '2019-10-09 21:49:25', '2019-10-09 21:49:25'),
(351, 'INS EDUC NOVIRAO ANTES CENT EDUC NOVIRAO', '2019-10-09 21:49:25', '2019-10-09 21:49:25'),
(352, 'INST EDUC TEC CCIAL SIMON BOLIVAR  ANTES INST EDUC SIMON BOLIVAR', '2019-10-09 21:49:25', '2019-10-09 21:49:25'),
(353, 'I.E.T. SENON FABIO VILLEGAS', '2019-10-09 21:49:26', '2019-10-09 21:49:26'),
(354, 'I.E. JUAN IGNACIO', '2019-10-09 21:49:26', '2019-10-09 21:49:26'),
(355, 'INST EDUC LA PRIMAVERA ANTES (CENT EDUC LA PRIMAVERA)', '2019-10-09 21:49:26', '2019-10-09 21:49:26'),
(356, 'I.E. SANTA MARIA DE CAQUIONA', '2019-10-09 21:49:26', '2019-10-09 21:49:26'),
(357, 'CENTRO EDUCATIVO LA TARABITA', '2019-10-09 21:49:26', '2019-10-09 21:49:26'),
(358, 'C.E. PAMBILAL', '2019-10-09 21:49:26', '2019-10-09 21:49:26'),
(359, 'C.E. BOTAFOGO', '2019-10-09 21:49:26', '2019-10-09 21:49:26'),
(360, 'I.E. EL DIVISO (ANTES C.E. EL DIVISO)', '2019-10-09 21:49:27', '2019-10-09 21:49:27'),
(361, 'INSTITUCIÓN EDUCATIVA PURETO', '2019-10-09 21:49:27', '2019-10-09 21:49:27'),
(362, 'C.E. LA LOMITA', '2019-10-09 21:49:27', '2019-10-09 21:49:27'),
(363, 'I.E. LA BERMEJA', '2019-10-09 21:49:27', '2019-10-09 21:49:27'),
(364, 'INSTITUCION EDUCATIVA TECNICA AGROPECUARIA NUESTRA SENORA DE LOS REMEDIOS', '2019-10-09 21:49:28', '2019-10-09 21:49:28'),
(365, 'CENT EDUC SAN MIGUEL', '2019-10-09 21:49:28', '2019-10-09 21:49:28'),
(366, 'CENT EDUC YUNGUILLAS', '2019-10-09 21:49:28', '2019-10-09 21:49:28'),
(367, 'I.E. AGROAMBIENTAL NUEVA VISIÓN ALTO NAYA', '2019-10-09 21:49:28', '2019-10-09 21:49:28'),
(368, 'INSTITUCION EDUCATIVA CERRO CATALINA', '2019-10-09 21:49:28', '2019-10-09 21:49:28'),
(369, 'I.E. TIMBA', '2019-10-09 21:49:29', '2019-10-09 21:49:29'),
(370, 'CENTRO EDUCATIVO MUNCHIQUE', '2019-10-09 21:49:29', '2019-10-09 21:49:29'),
(371, 'INSTITUCION EDUCATIVA PARA EL DESARROLLO INTERCULTURAL DE LAS COMUNIDADES INEDIC', '2019-10-09 21:49:29', '2019-10-09 21:49:29'),
(372, 'C.E. PISAPASITO', '2019-10-09 21:49:29', '2019-10-09 21:49:29'),
(373, 'CENTRO EDUCATIVO LA UNION - LLANITO', '2019-10-09 21:49:29', '2019-10-09 21:49:29'),
(374, 'C.E. EL PORVENIR', '2019-10-09 21:49:29', '2019-10-09 21:49:29'),
(375, 'I.E. AGROAMBIENTAL LA NUEVA ESPERANZA', '2019-10-09 21:49:30', '2019-10-09 21:49:30'),
(376, 'C.E. DOS RIOS', '2019-10-09 21:49:30', '2019-10-09 21:49:30'),
(377, 'CENTRO EDUCATIVO CASCAJERO', '2019-10-09 21:49:30', '2019-10-09 21:49:30'),
(378, 'I.E. RECUERDO BAJO (ANTES C.E.)', '2019-10-09 21:49:31', '2019-10-09 21:49:31'),
(379, 'I.E. ORTEGA (C.E. ORTEGA)', '2019-10-09 21:49:31', '2019-10-09 21:49:31'),
(380, 'C.E. LA SELVA', '2019-10-09 21:49:31', '2019-10-09 21:49:31'),
(381, 'I.E. LA LAGUNA DINDE ANTES (C.E. LA LAGUNA DINDE)', '2019-10-09 21:49:31', '2019-10-09 21:49:31'),
(382, 'C.E. LA VIUDA', '2019-10-09 21:49:31', '2019-10-09 21:49:31'),
(383, 'C.E. BUENAVISTA', '2019-10-09 21:49:31', '2019-10-09 21:49:31'),
(384, 'INSTITUCION EDUCATIVA EMPRESARIAL CERRO ALTO (ANTES I E COMERCIAL CERRO ALTO)', '2019-10-09 21:49:32', '2019-10-09 21:49:32'),
(385, 'C.E. LA LAGUNA', '2019-10-09 21:49:32', '2019-10-09 21:49:32'),
(386, 'C.E. NUESTRA SEÑORA DEL ROSARIO - PESCADOR', '2019-10-09 21:49:32', '2019-10-09 21:49:32'),
(387, 'C.E. EL PITAL', '2019-10-09 21:49:32', '2019-10-09 21:49:32'),
(388, 'I.E. INSTITUTO EDUCATIVO DE FORMACION INTERCULTURAL COMUNITARIO KWESX UMA KIWE - INFIKUK', '2019-10-09 21:49:33', '2019-10-09 21:49:33'),
(389, 'I.E. ETNOEDUCATIVO DE TOEZ', '2019-10-09 21:49:35', '2019-10-09 21:49:35'),
(390, 'I.E.  BILINGUE DXI PADEN', '2019-10-09 21:49:35', '2019-10-09 21:49:35'),
(391, 'I.E. TEC AGROPECUARIA  LA HUELLA', '2019-10-09 21:49:35', '2019-10-09 21:49:35'),
(392, 'INSTITUCION EDUCATIVA TECNICA LA PALOMERA', '2019-10-09 21:49:35', '2019-10-09 21:49:35'),
(393, 'INST ETNOEDUCATIVA TÉCNICA AGROAMBIENTAL EL CAMPO ALEGRE ANTES (C.E.R.M. CAMPO ALEGRE)', '2019-10-09 21:49:36', '2019-10-09 21:49:36'),
(394, 'I.E.A. ETNOEDUCATIVA EL CREO ANTES (C.E.R.M. EL CREDO)', '2019-10-09 21:49:36', '2019-10-09 21:49:36'),
(395, 'INSTITUCION EDUCATIVA CARMENCITA CARDONA DE GUTIERREZ', '2019-10-09 21:49:36', '2019-10-09 21:49:36'),
(396, 'INSTITUCION EDUCATIVA AGROPECUARIA CARRIZALES', '2019-10-09 21:49:37', '2019-10-09 21:49:37'),
(397, 'C.E. BELEN', '2019-10-09 21:49:37', '2019-10-09 21:49:37'),
(398, 'C.E. CERRITO', '2019-10-09 21:49:38', '2019-10-09 21:49:38'),
(399, 'INSTITUCION EDUCATIVA EL ROSAL', '2019-10-09 21:49:38', '2019-10-09 21:49:38'),
(400, 'C.E. EL RECUERDO', '2019-10-09 21:49:38', '2019-10-09 21:49:38'),
(401, 'C.E. NAYITA', '2019-10-09 21:49:38', '2019-10-09 21:49:38'),
(402, 'C.E. LA CHICUENA', '2019-10-09 21:49:38', '2019-10-09 21:49:38'),
(403, 'C.E. LOS ANDES', '2019-10-09 21:49:38', '2019-10-09 21:49:38'),
(404, 'C.E. LAS PIEDRAS', '2019-10-09 21:49:38', '2019-10-09 21:49:38'),
(405, 'C.E. PANDIGUANDO', '2019-10-09 21:49:38', '2019-10-09 21:49:38'),
(406, 'I.E. PLAYA RICA', '2019-10-09 21:49:39', '2019-10-09 21:49:39'),
(407, 'INSTITUCION EDUCATIVA LA ALIANZA', '2019-10-09 21:49:39', '2019-10-09 21:49:39'),
(408, 'I.E. AGROPECUARIA ALTO DEL REY', '2019-10-09 21:49:39', '2019-10-09 21:49:39'),
(409, 'C.E. EL ZARZAL', '2019-10-09 21:49:39', '2019-10-09 21:49:39'),
(410, 'I.E. HUISITO', '2019-10-09 21:49:39', '2019-10-09 21:49:39'),
(411, 'C.E. MARSELLA', '2019-10-09 21:49:40', '2019-10-09 21:49:40'),
(412, 'INSTITUCION EDUCATIVA SAN JACINTO', '2019-10-09 21:49:40', '2019-10-09 21:49:40'),
(413, 'INSTITUCION EDUCATIVA SAN JOSE DE GUARE', '2019-10-09 21:49:41', '2019-10-09 21:49:41'),
(414, 'C.E. EL CARMELO', '2019-10-09 21:49:41', '2019-10-09 21:49:41'),
(415, 'I.E. TEMUEY', '2019-10-09 21:49:42', '2019-10-09 21:49:42'),
(416, 'INSTITUCION EDUCATIVA EL NARANJO', '2019-10-09 21:49:42', '2019-10-09 21:49:42'),
(417, 'C.E. SANTA ANA', '2019-10-09 21:49:42', '2019-10-09 21:49:42'),
(418, 'C.E. SAN VICENTE', '2019-10-09 21:49:42', '2019-10-09 21:49:42'),
(419, 'I.E. AGROPECUARIA KPI SX ZUN CALDERAS', '2019-10-09 21:49:42', '2019-10-09 21:49:42'),
(420, 'INSTITUCION EDUCATIVA SANTA ROSA', '2019-10-09 21:49:43', '2019-10-09 21:49:43'),
(421, 'INST EDUC TUMBICHUCUE (ANTES CENT EDUC TUMBICHUCUE)', '2019-10-09 21:49:43', '2019-10-09 21:49:43'),
(422, 'YU¿ KWET ZUUN', '2019-10-09 21:49:43', '2019-10-09 21:49:43'),
(423, 'I.E. AGROAMBIENTAL A´KWE ÜUS YAT', '2019-10-09 21:49:44', '2019-10-09 21:49:44'),
(424, 'INSTITUCION EDUCATIVA SANTA TERESITA DEL NIÑO JESUS', '2019-10-09 21:49:44', '2019-10-09 21:49:44'),
(425, 'INST EDUC JIISA FXIW (ANTES CENT EDUC JIISA FXIW RESGUARDO INDIG DE YAQUIVA)', '2019-10-09 21:49:44', '2019-10-09 21:49:44'),
(426, 'CENTRO EDUCATIVO LA PALMERA', '2019-10-09 21:49:44', '2019-10-09 21:49:44'),
(427, 'KWE´SE PIYA YAT (NUESTROS SITIOS DE APRENDIZAJE)', '2019-10-09 21:49:44', '2019-10-09 21:49:44'),
(428, 'INSTITUCION EDUCATIVA DE FORMACION INTEGRAL MARDEN ARNULFO BETANCUR ZONA BAJA', '2019-10-09 21:49:45', '2019-10-09 21:49:45'),
(429, 'INST EDUC CHIMICUETO ANTES (CENT EDUC CHIMICUETO)', '2019-10-09 21:49:46', '2019-10-09 21:49:46'),
(430, 'INSTITUCION EDUCATIVA WILDER FABIAN HURTADO(ANTES KWESX U´JHTHESX UUS YATXNXI WILDER FABIAN HURTADO', '2019-10-09 21:49:46', '2019-10-09 21:49:46'),
(431, 'INSTITUCION EDUCATIVA UUS KI´PNXI KIWE ANTES(I.E. AGROCULTURAL PARA EL DESARROLLO TERRITORIAL UUS KI', '2019-10-09 21:49:46', '2019-10-09 21:49:46'),
(432, 'INSTITUCION EDUCATIVA MARINO MESTIZO', '2019-10-09 21:49:46', '2019-10-09 21:49:46'),
(433, 'I.E. BACHILLERATO TECNICO AGRICOLA DE JAMBALO', '2019-10-09 21:49:46', '2019-10-09 21:49:46'),
(434, 'CENTRO EDUCATIVO EL PORVENIR', '2019-10-09 21:49:46', '2019-10-09 21:49:46'),
(435, 'CENTRO EDUCATIVO FRONTINO ALTO', '2019-10-09 21:49:46', '2019-10-09 21:49:46'),
(436, 'INSTITUCION EDUCATIVA TECNICO AGROAMBIENTAL EL MORAL', '2019-10-09 21:49:47', '2019-10-09 21:49:47'),
(437, 'INSTITUCION EDUCATIVA AGROPECUARIO YANACONAS', '2019-10-09 21:49:47', '2019-10-09 21:49:47'),
(438, 'C.E. YACHAY CHURIKUNA', '2019-10-09 21:49:47', '2019-10-09 21:49:47'),
(439, 'INST EDUC BARBILLAS ANTES CENT DOC', '2019-10-09 21:49:47', '2019-10-09 21:49:47'),
(440, 'INSTITUCION EDUCATIVA NUESTRA SENORA DE LA CANDELARIA', '2019-10-09 21:49:47', '2019-10-09 21:49:47'),
(441, 'I.E. NOANAMITO', '2019-10-09 21:49:48', '2019-10-09 21:49:48'),
(442, 'I.E.A. MAXIMINO GARABATO ANTES(I.E. INDIG MAXIMINO GARABATO)', '2019-10-09 21:49:48', '2019-10-09 21:49:48'),
(443, 'C.E. CACAHUAL', '2019-10-09 21:49:48', '2019-10-09 21:49:48'),
(444, 'INSTITUCION EDUCATIVA AGUA CLARA GOLONDRO', '2019-10-09 21:49:49', '2019-10-09 21:49:49'),
(445, 'I.E. DOS QUEBRADAS', '2019-10-09 21:49:49', '2019-10-09 21:49:49'),
(446, 'INSTITUCION EDUCATIVA SAGRADA FAMILIA', '2019-10-09 21:49:49', '2019-10-09 21:49:49'),
(447, 'C.E. BOCA GRANDE', '2019-10-09 21:49:49', '2019-10-09 21:49:49'),
(448, 'C.E. LA ROTURA', '2019-10-09 21:49:49', '2019-10-09 21:49:49'),
(449, 'INSTITUCION EDUCATIVA CURACAS', '2019-10-09 21:49:50', '2019-10-09 21:49:50'),
(450, 'INSTITUCION EDUCATIVA CAJAMARCA', '2019-10-09 21:49:50', '2019-10-09 21:49:50'),
(451, 'INSTITUCION EDUCATIVA SAN JUANITO', '2019-10-09 21:49:50', '2019-10-09 21:49:50');

-- --------------------------------------------------------

--
-- Table structure for table `migrations`
--

CREATE TABLE `migrations` (
  `id` int(10) UNSIGNED NOT NULL,
  `migration` varchar(191) COLLATE utf8mb4_unicode_ci NOT NULL,
  `batch` int(11) NOT NULL
) ENGINE=InnoDB DEFAULT CHARSET=utf8mb4 COLLATE=utf8mb4_unicode_ci;

--
-- Dumping data for table `migrations`
--

INSERT INTO `migrations` (`id`, `migration`, `batch`) VALUES
(1, '2014_10_12_000000_create_users_table', 1),
(2, '2014_10_12_100000_create_password_resets_table', 1),
(3, '2019_08_19_000000_create_failed_jobs_table', 1),
(4, '2019_09_19_161212_create_departments_table', 1),
(5, '2019_09_19_163947_create_zones_table', 1),
(6, '2019_09_19_164002_create_town_types_table', 1),
(7, '2019_09_19_164003_create_towns_table', 1),
(8, '2019_09_19_164102_create_institutions_table', 1),
(9, '2019_09_19_164103_create_headquarters_table', 1);

-- --------------------------------------------------------

--
-- Table structure for table `password_resets`
--

CREATE TABLE `password_resets` (
  `email` varchar(191) COLLATE utf8mb4_unicode_ci NOT NULL,
  `token` varchar(191) COLLATE utf8mb4_unicode_ci NOT NULL,
  `created_at` timestamp NULL DEFAULT NULL
) ENGINE=InnoDB DEFAULT CHARSET=utf8mb4 COLLATE=utf8mb4_unicode_ci;

-- --------------------------------------------------------

--
-- Table structure for table `towns`
--

CREATE TABLE `towns` (
  `id` int(10) UNSIGNED NOT NULL,
  `name` varchar(191) COLLATE utf8mb4_unicode_ci NOT NULL,
  `department_id` int(10) UNSIGNED NOT NULL,
  `zone_id` int(10) UNSIGNED DEFAULT NULL,
  `town_type_id` int(10) UNSIGNED NOT NULL,
  `created_at` timestamp NULL DEFAULT NULL,
  `updated_at` timestamp NULL DEFAULT NULL
) ENGINE=InnoDB DEFAULT CHARSET=utf8mb4 COLLATE=utf8mb4_unicode_ci;

--
-- Dumping data for table `towns`
--

INSERT INTO `towns` (`id`, `name`, `department_id`, `zone_id`, `town_type_id`, `created_at`, `updated_at`) VALUES
(1, 'ALCALA', 1, NULL, 1, '2019-10-09 21:43:30', '2019-10-09 21:47:13'),
(2, 'ANDALUCÍA', 1, NULL, 2, '2019-10-09 21:45:24', '2019-10-09 21:47:14'),
(3, 'ANSERMANUEVO', 1, NULL, 2, '2019-10-09 21:45:24', '2019-10-09 21:47:16'),
(4, 'ARGELIA', 2, NULL, 2, '2019-10-09 21:45:25', '2019-10-09 21:49:27'),
(5, 'BOLÍVAR', 2, NULL, 2, '2019-10-09 21:45:25', '2019-10-09 21:49:28'),
(6, 'BUGALAGRANDE', 1, NULL, 1, '2019-10-09 21:45:26', '2019-10-09 21:47:20'),
(7, 'CAICEDONIA', 1, NULL, 2, '2019-10-09 21:45:27', '2019-10-09 21:47:21'),
(8, 'CANDELARIA', 1, NULL, 1, '2019-10-09 21:45:27', '2019-10-09 21:47:21'),
(9, 'DAGUA', 1, NULL, 2, '2019-10-09 21:45:28', '2019-10-09 21:47:23'),
(10, 'EL ÁGUILA', 1, NULL, 1, '2019-10-09 21:45:29', '2019-10-09 21:47:23'),
(11, 'EL CAIRO', 1, NULL, 1, '2019-10-09 21:45:30', '2019-10-09 21:47:26'),
(12, 'EL CERRITO', 1, NULL, 2, '2019-10-09 21:45:30', '2019-10-09 21:47:29'),
(13, 'EL DARIEN CALIMA', 1, NULL, 1, '2019-10-09 21:45:31', '2019-10-09 21:47:29'),
(14, 'EL DOVIO', 1, NULL, 2, '2019-10-09 21:45:31', '2019-10-09 21:47:33'),
(15, 'FLORIDA', 1, NULL, 2, '2019-10-09 21:45:32', '2019-10-09 21:47:38'),
(16, 'GINEBRA', 1, NULL, 1, '2019-10-09 21:45:32', '2019-10-09 21:47:38'),
(17, 'GUACARÍ', 1, NULL, 2, '2019-10-09 21:45:33', '2019-10-09 21:47:41'),
(18, 'LA CUMBRE', 1, NULL, 1, '2019-10-09 21:45:34', '2019-10-09 21:47:42'),
(19, 'LA UNIÓN', 1, NULL, 1, '2019-10-09 21:45:35', '2019-10-09 21:47:43'),
(20, 'LA VICTORIA', 1, NULL, 1, '2019-10-09 21:45:36', '2019-10-09 21:47:44'),
(21, 'OBANDO', 1, NULL, 1, '2019-10-09 21:45:37', '2019-10-09 21:47:45'),
(22, 'PRADERA', 1, NULL, 2, '2019-10-09 21:45:37', '2019-10-09 21:47:47'),
(23, 'RESTREPO', 1, NULL, 1, '2019-10-09 21:45:38', '2019-10-09 21:47:47'),
(24, 'RIOFRÍO', 1, NULL, 1, '2019-10-09 21:45:39', '2019-10-09 21:47:49'),
(25, 'ROLDANILLO', 1, NULL, 1, '2019-10-09 21:45:39', '2019-10-09 21:47:51'),
(26, 'SAN PEDRO', 1, NULL, 2, '2019-10-09 21:45:40', '2019-10-09 21:47:10'),
(27, 'SEVILLA', 1, NULL, 2, '2019-10-09 21:45:41', '2019-10-09 21:47:00'),
(28, 'TORO', 1, NULL, 2, '2019-10-09 21:45:42', '2019-10-09 21:47:11'),
(29, 'TRUJILLO', 1, NULL, 2, '2019-10-09 21:45:42', '2019-10-09 21:47:11'),
(30, 'ULLOA', 1, NULL, 2, '2019-10-09 21:45:43', '2019-10-09 21:47:01'),
(31, 'VERSALLES', 1, NULL, 1, '2019-10-09 21:45:43', '2019-10-09 21:47:11'),
(32, 'VIJES', 1, NULL, 2, '2019-10-09 21:45:43', '2019-10-09 21:47:01'),
(33, 'YOTOCO', 1, NULL, 2, '2019-10-09 21:45:44', '2019-10-09 21:47:12'),
(34, 'ZARZAL', 1, NULL, 1, '2019-10-09 21:45:44', '2019-10-09 21:47:13'),
(35, 'ALMAGUER', 2, NULL, 1, '2019-10-09 21:48:51', '2019-10-09 21:49:26'),
(36, 'BALBOA', 2, NULL, 2, '2019-10-09 21:48:53', '2019-10-09 21:49:27'),
(37, 'BUENOS AIRES', 2, NULL, 2, '2019-10-09 21:48:56', '2019-10-09 21:49:30'),
(38, 'CAJIBÍO', 2, NULL, 2, '2019-10-09 21:48:57', '2019-10-09 21:49:31'),
(39, 'CALDONO', 2, NULL, 2, '2019-10-09 21:48:58', '2019-10-09 21:49:35'),
(40, 'CALOTO', 2, NULL, 2, '2019-10-09 21:48:59', '2019-10-09 21:49:36'),
(41, 'CORINTO', 2, NULL, 2, '2019-10-09 21:48:59', '2019-10-09 21:49:37'),
(42, 'EL TAMBO', 2, NULL, 1, '2019-10-09 21:49:00', '2019-10-09 21:49:37'),
(43, 'FLORENCIA', 2, NULL, 1, '2019-10-09 21:49:02', '2019-10-09 21:49:39'),
(44, 'GUACHENÉ', 2, NULL, 1, '2019-10-09 21:49:02', '2019-10-09 21:49:40'),
(45, 'GUAPI', 2, NULL, 1, '2019-10-09 21:49:03', '2019-10-09 21:49:41'),
(46, 'INZÁ', 2, NULL, 1, '2019-10-09 21:49:05', '2019-10-09 21:49:43'),
(47, 'LA SIERRA', 2, NULL, 2, '2019-10-09 21:49:06', '2019-10-09 21:49:47'),
(48, 'LA VEGA', 2, NULL, 1, '2019-10-09 21:49:07', '2019-10-09 21:49:47'),
(49, 'LÓPEZ(MICAY)', 2, NULL, 1, '2019-10-09 21:49:08', '2019-10-09 21:49:48'),
(50, 'MERCADERES', 2, NULL, 2, '2019-10-09 21:49:08', '2019-10-09 21:49:50'),
(51, 'MIRANDA', 2, NULL, 2, '2019-10-09 21:49:09', '2019-10-09 21:49:10'),
(52, 'MORALES', 2, NULL, 2, '2019-10-09 21:49:10', '2019-10-09 21:49:10'),
(53, 'PADILLA', 2, NULL, 2, '2019-10-09 21:49:10', '2019-10-09 21:49:10'),
(54, 'PÁEZ(BELALCAZAR)', 2, NULL, 1, '2019-10-09 21:49:11', '2019-10-09 21:49:11'),
(55, 'PATÍA(EL BORDO)', 2, NULL, 2, '2019-10-09 21:49:11', '2019-10-09 21:49:12'),
(56, 'PIENDAMÓ', 2, NULL, 2, '2019-10-09 21:49:12', '2019-10-09 21:49:13'),
(57, 'PUERTO TEJADA', 2, NULL, 2, '2019-10-09 21:49:14', '2019-10-09 21:49:14'),
(58, 'PURACÉ(COCONUCO)', 2, NULL, 1, '2019-10-09 21:49:14', '2019-10-09 21:49:14'),
(59, 'ROSAS', 2, NULL, 2, '2019-10-09 21:49:14', '2019-10-09 21:49:15'),
(60, 'SAN SEBASTIÁN', 2, NULL, 1, '2019-10-09 21:49:15', '2019-10-09 21:49:16'),
(61, 'SANTA ROSA', 2, NULL, 2, '2019-10-09 21:49:16', '2019-10-09 21:49:16'),
(62, 'SANTANDER DE QUILICHAO', 2, NULL, 2, '2019-10-09 21:49:17', '2019-10-09 21:49:18'),
(63, 'SILVIA', 2, NULL, 2, '2019-10-09 21:49:19', '2019-10-09 21:49:19'),
(64, 'SOTARÁ(PAISPAMBA)', 2, NULL, 2, '2019-10-09 21:49:20', '2019-10-09 21:49:20'),
(65, 'SUÁREZ', 2, NULL, 2, '2019-10-09 21:49:21', '2019-10-09 21:49:21'),
(66, 'SUCRE', 2, NULL, 2, '2019-10-09 21:49:22', '2019-10-09 21:49:22'),
(67, 'TIMBÍO', 2, NULL, 2, '2019-10-09 21:49:22', '2019-10-09 21:49:23'),
(68, 'TIMBIQUÍ', 2, NULL, 2, '2019-10-09 21:49:23', '2019-10-09 21:49:24'),
(69, 'TOTORÓ', 2, NULL, 2, '2019-10-09 21:49:24', '2019-10-09 21:49:25'),
(70, 'VILLA RICA', 2, NULL, 1, '2019-10-09 21:49:25', '2019-10-09 21:49:26'),
(71, 'JAMBALÓ', 2, NULL, 2, '2019-10-09 21:49:44', '2019-10-09 21:49:46');

-- --------------------------------------------------------

--
-- Table structure for table `town_types`
--

CREATE TABLE `town_types` (
  `id` int(10) UNSIGNED NOT NULL,
  `name` varchar(191) COLLATE utf8mb4_unicode_ci NOT NULL,
  `created_at` timestamp NULL DEFAULT NULL,
  `updated_at` timestamp NULL DEFAULT NULL
) ENGINE=InnoDB DEFAULT CHARSET=utf8mb4 COLLATE=utf8mb4_unicode_ci;

--
-- Dumping data for table `town_types`
--

INSERT INTO `town_types` (`id`, `name`, `created_at`, `updated_at`) VALUES
(1, 'RURAL', '2019-10-09 21:43:30', '2019-10-09 21:43:30'),
(2, 'URBANA', '2019-10-09 21:45:23', '2019-10-09 21:45:23');

-- --------------------------------------------------------

--
-- Table structure for table `users`
--

CREATE TABLE `users` (
  `id` bigint(20) UNSIGNED NOT NULL,
  `name` varchar(191) COLLATE utf8mb4_unicode_ci NOT NULL,
  `email` varchar(191) COLLATE utf8mb4_unicode_ci NOT NULL,
  `email_verified_at` timestamp NULL DEFAULT NULL,
  `password` varchar(191) COLLATE utf8mb4_unicode_ci NOT NULL,
  `remember_token` varchar(100) COLLATE utf8mb4_unicode_ci DEFAULT NULL,
  `created_at` timestamp NULL DEFAULT NULL,
  `updated_at` timestamp NULL DEFAULT NULL
) ENGINE=InnoDB DEFAULT CHARSET=utf8mb4 COLLATE=utf8mb4_unicode_ci;

--
-- Dumping data for table `users`
--

INSERT INTO `users` (`id`, `name`, `email`, `email_verified_at`, `password`, `remember_token`, `created_at`, `updated_at`) VALUES
(1, 'Prueba', 'prueba@prueba.com', NULL, '$2y$10$jfam4URUvRPN0.uVS9mDfuo1gIPVylfYaEAmbVL3EeSG/mcvXDhsa', NULL, '2019-10-09 21:34:28', '2019-10-09 21:34:28');

-- --------------------------------------------------------

--
-- Table structure for table `zones`
--

CREATE TABLE `zones` (
  `id` int(10) UNSIGNED NOT NULL,
  `name` varchar(191) COLLATE utf8mb4_unicode_ci NOT NULL,
  `created_at` timestamp NULL DEFAULT NULL,
  `updated_at` timestamp NULL DEFAULT NULL
) ENGINE=InnoDB DEFAULT CHARSET=utf8mb4 COLLATE=utf8mb4_unicode_ci;

--
-- Indexes for dumped tables
--

--
-- Indexes for table `departments`
--
ALTER TABLE `departments`
  ADD PRIMARY KEY (`id`);

--
-- Indexes for table `failed_jobs`
--
ALTER TABLE `failed_jobs`
  ADD PRIMARY KEY (`id`);

--
-- Indexes for table `headquarters`
--
ALTER TABLE `headquarters`
  ADD PRIMARY KEY (`id`),
  ADD KEY `headquarters_town_id_foreign` (`town_id`),
  ADD KEY `headquarters_institution_id_foreign` (`institution_id`);

--
-- Indexes for table `institutions`
--
ALTER TABLE `institutions`
  ADD PRIMARY KEY (`id`);

--
-- Indexes for table `migrations`
--
ALTER TABLE `migrations`
  ADD PRIMARY KEY (`id`);

--
-- Indexes for table `password_resets`
--
ALTER TABLE `password_resets`
  ADD KEY `password_resets_email_index` (`email`);

--
-- Indexes for table `towns`
--
ALTER TABLE `towns`
  ADD PRIMARY KEY (`id`),
  ADD KEY `towns_department_id_foreign` (`department_id`),
  ADD KEY `towns_zone_id_foreign` (`zone_id`),
  ADD KEY `towns_town_type_id_foreign` (`town_type_id`);

--
-- Indexes for table `town_types`
--
ALTER TABLE `town_types`
  ADD PRIMARY KEY (`id`);

--
-- Indexes for table `users`
--
ALTER TABLE `users`
  ADD PRIMARY KEY (`id`),
  ADD UNIQUE KEY `users_email_unique` (`email`);

--
-- Indexes for table `zones`
--
ALTER TABLE `zones`
  ADD PRIMARY KEY (`id`);

--
-- AUTO_INCREMENT for dumped tables
--

--
-- AUTO_INCREMENT for table `departments`
--
ALTER TABLE `departments`
  MODIFY `id` int(10) UNSIGNED NOT NULL AUTO_INCREMENT, AUTO_INCREMENT=3;

--
-- AUTO_INCREMENT for table `failed_jobs`
--
ALTER TABLE `failed_jobs`
  MODIFY `id` bigint(20) UNSIGNED NOT NULL AUTO_INCREMENT;

--
-- AUTO_INCREMENT for table `headquarters`
--
ALTER TABLE `headquarters`
  MODIFY `id` bigint(20) UNSIGNED NOT NULL AUTO_INCREMENT, AUTO_INCREMENT=979;

--
-- AUTO_INCREMENT for table `institutions`
--
ALTER TABLE `institutions`
  MODIFY `id` bigint(20) UNSIGNED NOT NULL AUTO_INCREMENT, AUTO_INCREMENT=452;

--
-- AUTO_INCREMENT for table `migrations`
--
ALTER TABLE `migrations`
  MODIFY `id` int(10) UNSIGNED NOT NULL AUTO_INCREMENT, AUTO_INCREMENT=10;

--
-- AUTO_INCREMENT for table `towns`
--
ALTER TABLE `towns`
  MODIFY `id` int(10) UNSIGNED NOT NULL AUTO_INCREMENT, AUTO_INCREMENT=72;

--
-- AUTO_INCREMENT for table `town_types`
--
ALTER TABLE `town_types`
  MODIFY `id` int(10) UNSIGNED NOT NULL AUTO_INCREMENT, AUTO_INCREMENT=3;

--
-- AUTO_INCREMENT for table `users`
--
ALTER TABLE `users`
  MODIFY `id` bigint(20) UNSIGNED NOT NULL AUTO_INCREMENT, AUTO_INCREMENT=2;

--
-- AUTO_INCREMENT for table `zones`
--
ALTER TABLE `zones`
  MODIFY `id` int(10) UNSIGNED NOT NULL AUTO_INCREMENT;

--
-- Constraints for dumped tables
--

--
-- Constraints for table `headquarters`
--
ALTER TABLE `headquarters`
  ADD CONSTRAINT `headquarters_institution_id_foreign` FOREIGN KEY (`institution_id`) REFERENCES `institutions` (`id`) ON DELETE CASCADE ON UPDATE CASCADE,
  ADD CONSTRAINT `headquarters_town_id_foreign` FOREIGN KEY (`town_id`) REFERENCES `towns` (`id`) ON DELETE CASCADE ON UPDATE CASCADE;

--
-- Constraints for table `towns`
--
ALTER TABLE `towns`
  ADD CONSTRAINT `towns_department_id_foreign` FOREIGN KEY (`department_id`) REFERENCES `departments` (`id`) ON DELETE CASCADE ON UPDATE CASCADE,
  ADD CONSTRAINT `towns_town_type_id_foreign` FOREIGN KEY (`town_type_id`) REFERENCES `town_types` (`id`) ON DELETE CASCADE ON UPDATE CASCADE,
  ADD CONSTRAINT `towns_zone_id_foreign` FOREIGN KEY (`zone_id`) REFERENCES `zones` (`id`) ON DELETE CASCADE ON UPDATE CASCADE;
COMMIT;

/*!40101 SET CHARACTER_SET_CLIENT=@OLD_CHARACTER_SET_CLIENT */;
/*!40101 SET CHARACTER_SET_RESULTS=@OLD_CHARACTER_SET_RESULTS */;
/*!40101 SET COLLATION_CONNECTION=@OLD_COLLATION_CONNECTION */;
